job_id,task_id,decision_id,role_id,role_version,job_path,completion_path,status,allowed_write_paths,output_paths,validation_status,created_at,started_at,completed_at,requires_human_gate,notes
AJ-RT-20260611-006-001,RT-20260611-006,DDR-20260611-006,refuter,0.1.0,research_control/tasks/RT-20260611-006/jobs/AJ-RT-20260611-006-001.yaml,research_control/tasks/RT-20260611-006/jobs/completions/AJC-AJ-RT-20260611-006-001.yaml,completed,research_control/program_state.yaml;research_control/tasks/RT-20260611-006/**;research_control/handoffs/handoff-0024.yaml;research_control/handoffs/handoff-0024.md;registries/AGENT_JOB_REGISTRY.csv;registries/DIRECTOR_DECISION_REGISTRY.csv;registries/RESEARCH_TASK_REGISTRY.csv;registries/ROLE_EXECUTION_REGISTRY.csv;registries/CLAIM_BOUNDARY_REGISTRY.csv;registries/TEX_SOURCE_REGISTRY.csv,research_control/tasks/RT-20260611-006/artifacts/23_LOCALIZATION_SOURCE_BASIS_AXIOM_SELECTOR_DOMAIN_FINITE_VARIATION_BENCHMARK_INDEPENDENCE_REFUTATION.tex,PASS,2026-06-11T03:40:07Z,2026-06-11T03:40:07Z,2026-06-11T03:40:07Z,false,Localization source basis axiom selector-domain finite-variation benchmark-independence refutation contract
AJ-RT-20260608-023-001,RT-20260608-023,DDR-20260608-023,smuggling-auditor,0.1.0,research_control/tasks/RT-20260608-023/jobs/AJ-RT-20260608-023-001.yaml,research_control/tasks/RT-20260608-023/jobs/completions/AJC-AJ-RT-20260608-023-001.yaml,completed,research_control/program_state.yaml;research_control/tasks/RT-20260608-023/**;research_control/handoffs/handoff-0023.yaml;research_control/handoffs/handoff-0023.md;registries/AGENT_JOB_REGISTRY.csv;registries/DIRECTOR_DECISION_REGISTRY.csv;registries/RESEARCH_TASK_REGISTRY.csv;registries/ROLE_EXECUTION_REGISTRY.csv;registries/CLAIM_BOUNDARY_REGISTRY.csv;registries/TEX_SOURCE_REGISTRY.csv,research_control/tasks/RT-20260608-023/artifacts/22_LOCALIZATION_SOURCE_BASIS_AXIOM_SELECTOR_DOMAIN_FINITE_VARIATION_SMUGGLING_AUDIT.tex,PASS,2026-06-10T16:21:25Z,2026-06-10T16:21:25Z,2026-06-10T16:21:25Z,false,Localization source basis axiom selector-domain finite-variation smuggling audit contract
AJ-RT-20260608-022-001,RT-20260608-022,DDR-20260608-022,ontology-formalizer,0.1.0,research_control/tasks/RT-20260608-022/jobs/AJ-RT-20260608-022-001.yaml,research_control/tasks/RT-20260608-022/jobs/completions/AJC-AJ-RT-20260608-022-001.yaml,completed,research_control/program_state.yaml;research_control/tasks/RT-20260608-022/**;research_control/handoffs/handoff-0022.yaml;research_control/handoffs/handoff-0022.md;registries/AGENT_JOB_REGISTRY.csv;registries/DIRECTOR_DECISION_REGISTRY.csv;registries/RESEARCH_TASK_REGISTRY.csv;registries/ROLE_EXECUTION_REGISTRY.csv;registries/CLAIM_BOUNDARY_REGISTRY.csv;registries/TEX_SOURCE_REGISTRY.csv,research_control/tasks/RT-20260608-022/artifacts/21_LOCALIZATION_SOURCE_BASIS_AXIOM_SELECTOR_DOMAIN_FINITE_VARIATION_REPAIR_PACKET.tex,PASS,2026-06-10T05:42:24Z,2026-06-10T05:42:24Z,2026-06-10T05:42:24Z,false,Localization source basis axiom selector-domain finite-variation repair packet contract
AJ-RT-20260608-001-001,RT-20260608-001,DDR-20260608-001,control-spine-bootstrapper,provisional_one_job,research_control/tasks/RT-20260608-001/jobs/AJ-RT-20260608-001-001.yaml,research_control/tasks/RT-20260608-001/jobs/completions/AJC-AJ-RT-20260608-001-001.yaml,completed,.agents/**;.codex/skills/continue-research/**;AGENTS.md;README.md;research_control/**;registries/AGENT_ROLE_REGISTRY.csv;registries/AGENT_JOB_REGISTRY.csv;registries/DIRECTOR_DECISION_REGISTRY.csv;registries/RESEARCH_TASK_REGISTRY.csv;registries/CLAIM_BOUNDARY_REGISTRY.csv;scripts/research_control/**;tests/test_research_control.py,.agents/**;.codex/skills/continue-research/**;research_control/**;scripts/research_control/**;tests/test_research_control.py,PASS,2026-06-08T00:00:00Z,2026-06-08T00:00:00Z,2026-06-08T00:00:00Z,false,Immutable bootstrap contract
AJ-RT-20260608-002-001,RT-20260608-002,DDR-20260608-002,ontology-formalizer,0.1.0,research_control/tasks/RT-20260608-002/jobs/AJ-RT-20260608-002-001.yaml,research_control/tasks/RT-20260608-002/jobs/completions/AJC-AJ-RT-20260608-002-001.yaml,completed,research_control/program_state.yaml;research_control/tasks/RT-20260608-002/**;research_control/handoffs/handoff-0002.yaml;research_control/handoffs/handoff-0002.md;registries/AGENT_JOB_REGISTRY.csv;registries/DIRECTOR_DECISION_REGISTRY.csv;registries/RESEARCH_TASK_REGISTRY.csv;registries/CLAIM_BOUNDARY_REGISTRY.csv;registries/TEX_SOURCE_REGISTRY.csv,research_control/tasks/RT-20260608-002/artifacts/01_GATE0_ONTOLOGY_FORMALIZATION.tex,PASS,2026-06-08T22:03:50Z,2026-06-08T22:03:50Z,2026-06-08T22:03:50Z,false,Gate 0 ontology formalization contract
AJ-RT-20260608-003-001,RT-20260608-003,DDR-20260608-003,candidate-constructor,0.1.0,research_control/tasks/RT-20260608-003/jobs/AJ-RT-20260608-003-001.yaml,research_control/tasks/RT-20260608-003/jobs/completions/AJC-AJ-RT-20260608-003-001.yaml,completed,research_control/program_state.yaml;research_control/tasks/RT-20260608-003/**;research_control/handoffs/handoff-0003.yaml;research_control/handoffs/handoff-0003.md;registries/AGENT_JOB_REGISTRY.csv;registries/DIRECTOR_DECISION_REGISTRY.csv;registries/RESEARCH_TASK_REGISTRY.csv;registries/CLAIM_BOUNDARY_REGISTRY.csv;registries/TEX_SOURCE_REGISTRY.csv,research_control/tasks/RT-20260608-003/artifacts/02_LOCALIZATION_CANDIDATE_PACKET.tex,PASS,2026-06-08T22:17:47Z,2026-06-08T22:17:47Z,2026-06-08T22:17:47Z,false,Candidate localization packet contract
AJ-RT-20260608-004-001,RT-20260608-004,DDR-20260608-004,smuggling-auditor,0.1.0,research_control/tasks/RT-20260608-004/jobs/AJ-RT-20260608-004-001.yaml,research_control/tasks/RT-20260608-004/jobs/completions/AJC-AJ-RT-20260608-004-001.yaml,completed,research_control/program_state.yaml;research_control/tasks/RT-20260608-004/**;research_control/handoffs/handoff-0004.yaml;research_control/handoffs/handoff-0004.md;registries/AGENT_JOB_REGISTRY.csv;registries/DIRECTOR_DECISION_REGISTRY.csv;registries/RESEARCH_TASK_REGISTRY.csv;registries/ROLE_EXECUTION_REGISTRY.csv;registries/CLAIM_BOUNDARY_REGISTRY.csv;registries/TEX_SOURCE_REGISTRY.csv,research_control/tasks/RT-20260608-004/artifacts/03_LOCALIZATION_SMUGGLING_AUDIT.tex,PASS,2026-06-08T23:41:47Z,2026-06-08T23:41:47Z,2026-06-08T23:41:47Z,false,Localization smuggling audit contract
AJ-RT-20260608-005-001,RT-20260608-005,DDR-20260608-005,candidate-constructor,0.1.0,research_control/tasks/RT-20260608-005/jobs/AJ-RT-20260608-005-001.yaml,research_control/tasks/RT-20260608-005/jobs/completions/AJC-AJ-RT-20260608-005-001.yaml,completed,research_control/program_state.yaml;research_control/tasks/RT-20260608-005/**;research_control/handoffs/handoff-0005.yaml;research_control/handoffs/handoff-0005.md;registries/AGENT_JOB_REGISTRY.csv;registries/DIRECTOR_DECISION_REGISTRY.csv;registries/RESEARCH_TASK_REGISTRY.csv;registries/ROLE_EXECUTION_REGISTRY.csv;registries/CLAIM_BOUNDARY_REGISTRY.csv;registries/TEX_SOURCE_REGISTRY.csv,research_control/tasks/RT-20260608-005/artifacts/04_LOCALIZATION_SOURCE_REPAIR_PACKET.tex,PASS,2026-06-08T23:53:45Z,2026-06-08T23:53:45Z,2026-06-08T23:53:45Z,false,Localization source repair contract
AJ-RT-20260608-006-001,RT-20260608-006,DDR-20260608-006,refuter,0.1.0,research_control/tasks/RT-20260608-006/jobs/AJ-RT-20260608-006-001.yaml,research_control/tasks/RT-20260608-006/jobs/completions/AJC-AJ-RT-20260608-006-001.yaml,completed,research_control/program_state.yaml;research_control/tasks/RT-20260608-006/**;research_control/handoffs/handoff-0006.yaml;research_control/handoffs/handoff-0006.md;registries/AGENT_JOB_REGISTRY.csv;registries/DIRECTOR_DECISION_REGISTRY.csv;registries/RESEARCH_TASK_REGISTRY.csv;registries/ROLE_EXECUTION_REGISTRY.csv;registries/CLAIM_BOUNDARY_REGISTRY.csv;registries/TEX_SOURCE_REGISTRY.csv,research_control/tasks/RT-20260608-006/artifacts/05_LOCALIZATION_REPAIR_REFUTATION.tex,PASS,2026-06-09T00:04:12Z,2026-06-09T00:04:12Z,2026-06-09T00:04:12Z,false,Localization repair refutation contract
AJ-RT-20260608-007-001,RT-20260608-007,DDR-20260608-007,ontology-formalizer,0.1.0,research_control/tasks/RT-20260608-007/jobs/AJ-RT-20260608-007-001.yaml,research_control/tasks/RT-20260608-007/jobs/completions/AJC-AJ-RT-20260608-007-001.yaml,completed,research_control/program_state.yaml;research_control/tasks/RT-20260608-007/**;research_control/handoffs/handoff-0007.yaml;research_control/handoffs/handoff-0007.md;registries/AGENT_JOB_REGISTRY.csv;registries/DIRECTOR_DECISION_REGISTRY.csv;registries/RESEARCH_TASK_REGISTRY.csv;registries/ROLE_EXECUTION_REGISTRY.csv;registries/CLAIM_BOUNDARY_REGISTRY.csv;registries/TEX_SOURCE_REGISTRY.csv,research_control/tasks/RT-20260608-007/artifacts/06_LOCALIZATION_SOURCE_BASIS_FORMALIZATION.tex,PASS,2026-06-09T00:14:36Z,2026-06-09T00:14:36Z,2026-06-09T00:14:36Z,false,Localization source basis formalization contract
AJ-RT-20260608-008-001,RT-20260608-008,DDR-20260608-008,smuggling-auditor,0.1.0,research_control/tasks/RT-20260608-008/jobs/AJ-RT-20260608-008-001.yaml,research_control/tasks/RT-20260608-008/jobs/completions/AJC-AJ-RT-20260608-008-001.yaml,completed,research_control/program_state.yaml;research_control/tasks/RT-20260608-008/**;research_control/handoffs/handoff-0008.yaml;research_control/handoffs/handoff-0008.md;registries/AGENT_JOB_REGISTRY.csv;registries/DIRECTOR_DECISION_REGISTRY.csv;registries/RESEARCH_TASK_REGISTRY.csv;registries/ROLE_EXECUTION_REGISTRY.csv;registries/CLAIM_BOUNDARY_REGISTRY.csv;registries/TEX_SOURCE_REGISTRY.csv,research_control/tasks/RT-20260608-008/artifacts/07_LOCALIZATION_SOURCE_BASIS_SMUGGLING_AUDIT.tex,PASS,2026-06-09T00:22:21Z,2026-06-09T00:22:21Z,2026-06-09T00:22:21Z,false,Localization source basis smuggling audit contract
AJ-RT-20260608-009-001,RT-20260608-009,DDR-20260608-009,refuter,0.1.0,research_control/tasks/RT-20260608-009/jobs/AJ-RT-20260608-009-001.yaml,research_control/tasks/RT-20260608-009/jobs/completions/AJC-AJ-RT-20260608-009-001.yaml,completed,research_control/program_state.yaml;research_control/tasks/RT-20260608-009/**;research_control/handoffs/handoff-0009.yaml;research_control/handoffs/handoff-0009.md;registries/AGENT_JOB_REGISTRY.csv;registries/DIRECTOR_DECISION_REGISTRY.csv;registries/RESEARCH_TASK_REGISTRY.csv;registries/ROLE_EXECUTION_REGISTRY.csv;registries/CLAIM_BOUNDARY_REGISTRY.csv;registries/TEX_SOURCE_REGISTRY.csv,research_control/tasks/RT-20260608-009/artifacts/08_LOCALIZATION_SOURCE_BASIS_CONSERVATIVITY_REFUTATION.tex,PASS,2026-06-09T00:36:03Z,2026-06-09T00:36:03Z,2026-06-09T00:36:03Z,false,Localization source basis conservativity refutation contract
AJ-RT-20260608-010-001,RT-20260608-010,DDR-20260608-010,ontology-formalizer,0.1.0,research_control/tasks/RT-20260608-010/jobs/AJ-RT-20260608-010-001.yaml,research_control/tasks/RT-20260608-010/jobs/completions/AJC-AJ-RT-20260608-010-001.yaml,completed,research_control/program_state.yaml;research_control/tasks/RT-20260608-010/**;research_control/handoffs/handoff-0010.yaml;research_control/handoffs/handoff-0010.md;registries/AGENT_JOB_REGISTRY.csv;registries/DIRECTOR_DECISION_REGISTRY.csv;registries/RESEARCH_TASK_REGISTRY.csv;registries/ROLE_EXECUTION_REGISTRY.csv;registries/CLAIM_BOUNDARY_REGISTRY.csv;registries/TEX_SOURCE_REGISTRY.csv,research_control/tasks/RT-20260608-010/artifacts/09_LOCALIZATION_SOURCE_BASIS_AXIOM_JUSTIFICATION.tex,PASS,2026-06-09T00:46:46Z,2026-06-09T00:46:46Z,2026-06-09T00:46:46Z,false,Localization source basis axiom justification contract
AJ-RT-20260608-011-001,RT-20260608-011,DDR-20260608-011,smuggling-auditor,0.1.0,research_control/tasks/RT-20260608-011/jobs/AJ-RT-20260608-011-001.yaml,research_control/tasks/RT-20260608-011/jobs/completions/AJC-AJ-RT-20260608-011-001.yaml,completed,research_control/program_state.yaml;research_control/tasks/RT-20260608-011/**;research_control/handoffs/handoff-0011.yaml;research_control/handoffs/handoff-0011.md;registries/AGENT_JOB_REGISTRY.csv;registries/DIRECTOR_DECISION_REGISTRY.csv;registries/RESEARCH_TASK_REGISTRY.csv;registries/ROLE_EXECUTION_REGISTRY.csv;registries/CLAIM_BOUNDARY_REGISTRY.csv;registries/TEX_SOURCE_REGISTRY.csv,research_control/tasks/RT-20260608-011/artifacts/10_LOCALIZATION_SOURCE_BASIS_AXIOM_SMUGGLING_AUDIT.tex,PASS,2026-06-09T13:39:04Z,2026-06-09T13:39:04Z,2026-06-09T13:39:04Z,false,Localization source basis axiom smuggling audit contract
AJ-RT-20260608-012-001,RT-20260608-012,DDR-20260608-012,refuter,0.1.0,research_control/tasks/RT-20260608-012/jobs/AJ-RT-20260608-012-001.yaml,research_control/tasks/RT-20260608-012/jobs/completions/AJC-AJ-RT-20260608-012-001.yaml,completed,research_control/program_state.yaml;research_control/tasks/RT-20260608-012/**;research_control/handoffs/handoff-0012.yaml;research_control/handoffs/handoff-0012.md;registries/AGENT_JOB_REGISTRY.csv;registries/DIRECTOR_DECISION_REGISTRY.csv;registries/RESEARCH_TASK_REGISTRY.csv;registries/ROLE_EXECUTION_REGISTRY.csv;registries/CLAIM_BOUNDARY_REGISTRY.csv;registries/TEX_SOURCE_REGISTRY.csv,research_control/tasks/RT-20260608-012/artifacts/11_LOCALIZATION_SOURCE_BASIS_AXIOM_BENCHMARK_INDEPENDENCE_REFUTATION.tex,PASS,2026-06-09T13:53:43Z,2026-06-09T13:53:43Z,2026-06-09T13:53:43Z,false,Localization source basis axiom benchmark-independence refutation contract
AJ-RT-20260608-013-001,RT-20260608-013,DDR-20260608-013,ontology-formalizer,0.1.0,research_control/tasks/RT-20260608-013/jobs/AJ-RT-20260608-013-001.yaml,research_control/tasks/RT-20260608-013/jobs/completions/AJC-AJ-RT-20260608-013-001.yaml,completed,research_control/program_state.yaml;research_control/tasks/RT-20260608-013/**;research_control/handoffs/handoff-0013.yaml;research_control/handoffs/handoff-0013.md;registries/AGENT_JOB_REGISTRY.csv;registries/DIRECTOR_DECISION_REGISTRY.csv;registries/RESEARCH_TASK_REGISTRY.csv;registries/ROLE_EXECUTION_REGISTRY.csv;registries/CLAIM_BOUNDARY_REGISTRY.csv;registries/TEX_SOURCE_REGISTRY.csv,research_control/tasks/RT-20260608-013/artifacts/12_LOCALIZATION_SOURCE_BASIS_AXIOM_SELECTION_LAW_PACKET.tex,PASS,2026-06-09T14:04:04Z,2026-06-09T14:04:04Z,2026-06-09T14:04:04Z,false,Localization source basis axiom selection-law packet contract
AJ-RT-20260608-014-001,RT-20260608-014,DDR-20260608-014,smuggling-auditor,0.1.0,research_control/tasks/RT-20260608-014/jobs/AJ-RT-20260608-014-001.yaml,research_control/tasks/RT-20260608-014/jobs/completions/AJC-AJ-RT-20260608-014-001.yaml,completed,research_control/program_state.yaml;research_control/tasks/RT-20260608-014/**;research_control/handoffs/handoff-0014.yaml;research_control/handoffs/handoff-0014.md;registries/AGENT_JOB_REGISTRY.csv;registries/DIRECTOR_DECISION_REGISTRY.csv;registries/RESEARCH_TASK_REGISTRY.csv;registries/ROLE_EXECUTION_REGISTRY.csv;registries/CLAIM_BOUNDARY_REGISTRY.csv;registries/TEX_SOURCE_REGISTRY.csv,research_control/tasks/RT-20260608-014/artifacts/13_LOCALIZATION_SOURCE_BASIS_AXIOM_SELECTION_LAW_SMUGGLING_AUDIT.tex,PASS,2026-06-09T23:33:06Z,2026-06-09T23:33:06Z,2026-06-09T23:33:06Z,false,Localization source basis axiom selection-law smuggling audit contract
AJ-RT-20260608-015-001,RT-20260608-015,DDR-20260608-015,refuter,0.1.0,research_control/tasks/RT-20260608-015/jobs/AJ-RT-20260608-015-001.yaml,research_control/tasks/RT-20260608-015/jobs/completions/AJC-AJ-RT-20260608-015-001.yaml,completed,research_control/program_state.yaml;research_control/tasks/RT-20260608-015/**;research_control/handoffs/handoff-0015.yaml;research_control/handoffs/handoff-0015.md;registries/AGENT_JOB_REGISTRY.csv;registries/DIRECTOR_DECISION_REGISTRY.csv;registries/RESEARCH_TASK_REGISTRY.csv;registries/ROLE_EXECUTION_REGISTRY.csv;registries/CLAIM_BOUNDARY_REGISTRY.csv;registries/TEX_SOURCE_REGISTRY.csv,research_control/tasks/RT-20260608-015/artifacts/14_LOCALIZATION_SOURCE_BASIS_AXIOM_SELECTION_LAW_BENCHMARK_INDEPENDENCE_REFUTATION.tex,PASS,2026-06-09T23:40:31Z,2026-06-09T23:40:31Z,2026-06-09T23:40:31Z,false,Localization source basis axiom selection-law benchmark-independence refutation contract
AJ-RT-20260608-016-001,RT-20260608-016,DDR-20260608-016,ontology-formalizer,0.1.0,research_control/tasks/RT-20260608-016/jobs/AJ-RT-20260608-016-001.yaml,research_control/tasks/RT-20260608-016/jobs/completions/AJC-AJ-RT-20260608-016-001.yaml,completed,research_control/program_state.yaml;research_control/tasks/RT-20260608-016/**;research_control/handoffs/handoff-0016.yaml;research_control/handoffs/handoff-0016.md;registries/AGENT_JOB_REGISTRY.csv;registries/DIRECTOR_DECISION_REGISTRY.csv;registries/RESEARCH_TASK_REGISTRY.csv;registries/ROLE_EXECUTION_REGISTRY.csv;registries/CLAIM_BOUNDARY_REGISTRY.csv;registries/TEX_SOURCE_REGISTRY.csv,research_control/tasks/RT-20260608-016/artifacts/15_LOCALIZATION_SOURCE_BASIS_AXIOM_SELECTOR_DOMAIN_REPAIR_PACKET.tex,PASS,2026-06-09T23:49:55Z,2026-06-09T23:49:55Z,2026-06-09T23:49:55Z,false,Localization source basis axiom selector-domain repair packet contract
AJ-RT-20260608-017-001,RT-20260608-017,DDR-20260608-017,smuggling-auditor,0.1.0,research_control/tasks/RT-20260608-017/jobs/AJ-RT-20260608-017-001.yaml,research_control/tasks/RT-20260608-017/jobs/completions/AJC-AJ-RT-20260608-017-001.yaml,completed,research_control/program_state.yaml;research_control/tasks/RT-20260608-017/**;research_control/handoffs/handoff-0017.yaml;research_control/handoffs/handoff-0017.md;registries/AGENT_JOB_REGISTRY.csv;registries/DIRECTOR_DECISION_REGISTRY.csv;registries/RESEARCH_TASK_REGISTRY.csv;registries/ROLE_EXECUTION_REGISTRY.csv;registries/CLAIM_BOUNDARY_REGISTRY.csv;registries/TEX_SOURCE_REGISTRY.csv,research_control/tasks/RT-20260608-017/artifacts/16_LOCALIZATION_SOURCE_BASIS_AXIOM_SELECTOR_DOMAIN_SMUGGLING_AUDIT.tex,PASS,2026-06-10T00:02:41Z,2026-06-10T00:02:41Z,2026-06-10T00:02:41Z,false,Localization source basis axiom selector-domain smuggling audit contract
AJ-RT-20260608-018-001,RT-20260608-018,DDR-20260608-018,refuter,0.1.0,research_control/tasks/RT-20260608-018/jobs/AJ-RT-20260608-018-001.yaml,research_control/tasks/RT-20260608-018/jobs/completions/AJC-AJ-RT-20260608-018-001.yaml,completed,research_control/program_state.yaml;research_control/tasks/RT-20260608-018/**;research_control/handoffs/handoff-0018.yaml;research_control/handoffs/handoff-0018.md;registries/AGENT_JOB_REGISTRY.csv;registries/DIRECTOR_DECISION_REGISTRY.csv;registries/RESEARCH_TASK_REGISTRY.csv;registries/ROLE_EXECUTION_REGISTRY.csv;registries/CLAIM_BOUNDARY_REGISTRY.csv;registries/TEX_SOURCE_REGISTRY.csv,research_control/tasks/RT-20260608-018/artifacts/17_LOCALIZATION_SOURCE_BASIS_AXIOM_SELECTOR_DOMAIN_BENCHMARK_INDEPENDENCE_REFUTATION.tex,PASS,2026-06-10T00:22:08Z,2026-06-10T00:22:08Z,2026-06-10T00:22:08Z,false,Localization source basis axiom selector-domain benchmark-independence refutation contract
AJ-RT-20260608-019-001,RT-20260608-019,DDR-20260608-019,ontology-formalizer,0.1.0,research_control/tasks/RT-20260608-019/jobs/AJ-RT-20260608-019-001.yaml,research_control/tasks/RT-20260608-019/jobs/completions/AJC-AJ-RT-20260608-019-001.yaml,completed,research_control/program_state.yaml;research_control/tasks/RT-20260608-019/**;research_control/handoffs/handoff-0019.yaml;research_control/handoffs/handoff-0019.md;registries/AGENT_JOB_REGISTRY.csv;registries/DIRECTOR_DECISION_REGISTRY.csv;registries/RESEARCH_TASK_REGISTRY.csv;registries/ROLE_EXECUTION_REGISTRY.csv;registries/CLAIM_BOUNDARY_REGISTRY.csv;registries/TEX_SOURCE_REGISTRY.csv,research_control/tasks/RT-20260608-019/artifacts/18_LOCALIZATION_SOURCE_BASIS_AXIOM_SELECTOR_DOMAIN_FINITE_SURVEY_PROTOCOL_PACKET.tex,PASS,2026-06-10T00:40:21Z,2026-06-10T00:40:21Z,2026-06-10T00:40:21Z,false,Localization source basis axiom selector-domain finite survey protocol packet contract
AJ-RT-20260608-020-001,RT-20260608-020,DDR-20260608-020,smuggling-auditor,0.1.0,research_control/tasks/RT-20260608-020/jobs/AJ-RT-20260608-020-001.yaml,research_control/tasks/RT-20260608-020/jobs/completions/AJC-AJ-RT-20260608-020-001.yaml,completed,research_control/program_state.yaml;research_control/tasks/RT-20260608-020/**;research_control/handoffs/handoff-0020.yaml;research_control/handoffs/handoff-0020.md;registries/AGENT_JOB_REGISTRY.csv;registries/DIRECTOR_DECISION_REGISTRY.csv;registries/RESEARCH_TASK_REGISTRY.csv;registries/ROLE_EXECUTION_REGISTRY.csv;registries/CLAIM_BOUNDARY_REGISTRY.csv;registries/TEX_SOURCE_REGISTRY.csv,research_control/tasks/RT-20260608-020/artifacts/19_LOCALIZATION_SOURCE_BASIS_AXIOM_SELECTOR_DOMAIN_FINITE_SURVEY_PROTOCOL_SMUGGLING_AUDIT.tex,PASS,2026-06-10T00:50:44Z,2026-06-10T00:50:44Z,2026-06-10T00:50:44Z,false,Localization source basis axiom selector-domain finite survey protocol smuggling audit contract
AJ-RT-20260610-001-001,RT-20260610-001,DDR-20260610-001,validator-engineer,0.1.0,research_control/tasks/RT-20260610-001/jobs/AJ-RT-20260610-001-001.yaml,research_control/tasks/RT-20260610-001/jobs/completions/AJC-AJ-RT-20260610-001-001.yaml,completed,AGENTS.md;README.md;Makefile;.agents/roles/research_ops/documentation-curator.v0.1.0.md;.agents/roles/research_ops/project-system-director.v0.1.0.md;.agents/roles/research_ops/validator-engineer.v0.1.0.md;.agents/roles/research_ops/memory-system-maintainer.v0.1.0.md;.agents/schemas/DOCUMENTATION_IMPACT_SCHEMA.md;.codex/skills/improve-project-system/SKILL.md;.codex/skills/project-memory-system/SKILL.md;.codex/skills/continue-research/SKILL.md;.codex/skills/html-visual-explainer/SKILL.md;.codex/skills/project-memory-system/scripts/bootstrap_memory_system.py;scripts/project_control/__init__.py;scripts/project_control/classify_project_changes.py;scripts/project_control/validate_documentation_impact.py;scripts/project_control/collect_project_improvement_signals.py;scripts/project_control/resolve_project_improvement.py;scripts/research_control/checkpoint_research_transaction.py;research_control/README.md;research_control/templates/COMPLETION_TEMPLATE.yaml;research_control/templates/HANDOFF_TEMPLATE.yaml;research_control/tasks/RT-20260610-001/**;registries/AGENT_ROLE_REGISTRY.csv;registries/PROJECT_IMPROVEMENT_SIGNAL_REGISTRY.csv;registries/RESEARCH_TASK_REGISTRY.csv;registries/DIRECTOR_DECISION_REGISTRY.csv;registries/AGENT_JOB_REGISTRY.csv;registries/ROLE_EXECUTION_REGISTRY.csv;registries/CLAIM_BOUNDARY_REGISTRY.csv;registries/MARKDOWN_SOURCE_REGISTRY.csv;tests/test_project_change_classifier.py,research_control/tasks/RT-20260610-001/documentation_impact.yaml;tests/test_project_change_classifier.py,PASS,2026-06-10T02:22:13Z,2026-06-10T02:22:13Z,2026-06-10T02:22:13Z,false,Project-system documentation curator and validation gate implementation contract
AJ-RT-20260610-002-001,RT-20260610-002,DDR-20260610-002,validator-engineer,0.1.0,research_control/tasks/RT-20260610-002/jobs/AJ-RT-20260610-002-001.yaml,research_control/tasks/RT-20260610-002/jobs/completions/AJC-AJ-RT-20260610-002-001.yaml,completed,.codex/skills/improve-project-system/SKILL.md;.codex/skills/continue-research/SKILL.md;Makefile;README.md;research_control/README.md;research_control/templates/COMPLETION_TEMPLATE.yaml;research_control/templates/HANDOFF_TEMPLATE.yaml;research_control/tasks/RT-20260610-001/jobs/completions/AJC-AJ-RT-20260610-001-001.yaml;research_control/tasks/RT-20260610-002/**;.agents/schemas/AGENT_JOB_SCHEMA.md;scripts/project_control/classify_project_changes.py;scripts/project_control/collect_project_improvement_signals.py;scripts/project_control/project_signal_types.py;scripts/project_control/validate_documentation_impact.py;scripts/project_control/resolve_project_improvement.py;scripts/research_control/checkpoint_research_transaction.py;scripts/research_control/validate_research_control.py;tests/test_project_change_classifier.py;registries/PROJECT_IMPROVEMENT_SIGNAL_TYPE_REGISTRY.csv;registries/PROJECT_IMPROVEMENT_SIGNAL_REGISTRY.csv;registries/RESEARCH_TASK_REGISTRY.csv;registries/DIRECTOR_DECISION_REGISTRY.csv;registries/AGENT_JOB_REGISTRY.csv;registries/ROLE_EXECUTION_REGISTRY.csv;registries/CLAIM_BOUNDARY_REGISTRY.csv;registries/MARKDOWN_SOURCE_REGISTRY.csv,.codex/skills/continue-research/SKILL.md;research_control/tasks/RT-20260610-002/documentation_impact.yaml;scripts/research_control/validate_research_control.py;tests/test_project_change_classifier.py,PASS,2026-06-10T03:10:45Z,2026-06-10T03:10:45Z,2026-06-10T03:10:45Z,false,Structural signal canonical-type registry canonical-completion multi-signal resolution-evidence type-validation documentation-impact severity-routing receipt and advisory-resolver gate contract
AJ-RT-20260608-021-001,RT-20260608-021,DDR-20260608-021,refuter,0.1.0,research_control/tasks/RT-20260608-021/jobs/AJ-RT-20260608-021-001.yaml,research_control/tasks/RT-20260608-021/jobs/completions/AJC-AJ-RT-20260608-021-001.yaml,completed,research_control/program_state.yaml;research_control/tasks/RT-20260608-021/**;research_control/handoffs/handoff-0021.yaml;research_control/handoffs/handoff-0021.md;registries/AGENT_JOB_REGISTRY.csv;registries/DIRECTOR_DECISION_REGISTRY.csv;registries/RESEARCH_TASK_REGISTRY.csv;registries/ROLE_EXECUTION_REGISTRY.csv;registries/CLAIM_BOUNDARY_REGISTRY.csv;registries/TEX_SOURCE_REGISTRY.csv,research_control/tasks/RT-20260608-021/artifacts/20_LOCALIZATION_SOURCE_BASIS_AXIOM_SELECTOR_DOMAIN_FINITE_SURVEY_PROTOCOL_BENCHMARK_INDEPENDENCE_REFUTATION.tex,PASS,2026-06-10T05:30:09Z,2026-06-10T05:30:09Z,2026-06-10T05:30:09Z,false,Localization source basis axiom selector-domain finite survey protocol benchmark-independence refutation contract
AJ-RT-20260610-003-001,RT-20260610-003,DDR-20260610-003,validator-engineer,0.1.0,research_control/tasks/RT-20260610-003/jobs/AJ-RT-20260610-003-001.yaml,research_control/tasks/RT-20260610-003/jobs/completions/AJC-AJ-RT-20260610-003-001.yaml,completed,.agents/roles/research_ops/director-of-research.v0.1.0.md;.agents/schemas/EXECUTION_ROLE_SCHEMA.md;.agents/schemas/ROLE_SCHEMA.md;.codex/skills/continue-research/SKILL.md;.codex/skills/improve-project-system/SKILL.md;research_control/README.md;research_control/templates/EXECUTION_ROLE_TEMPLATE.yaml;research_control/tasks/RT-20260610-003/**;scripts/research_control/validate_research_control.py;scripts/project_control/collect_project_improvement_signals.py;tests/test_research_control.py;tests/test_project_change_classifier.py;registries/RESEARCH_TASK_REGISTRY.csv;registries/DIRECTOR_DECISION_REGISTRY.csv;registries/AGENT_JOB_REGISTRY.csv;registries/ROLE_EXECUTION_REGISTRY.csv;registries/CLAIM_BOUNDARY_REGISTRY.csv;registries/MARKDOWN_SOURCE_REGISTRY.csv,research_control/tasks/RT-20260610-003/documentation_impact.yaml;research_control/templates/EXECUTION_ROLE_TEMPLATE.yaml;tests/test_research_control.py;tests/test_project_change_classifier.py,PASS,2026-06-10T17:36:36Z,2026-06-10T17:36:36Z,2026-06-10T17:36:36Z,false,Director role-flexibility validator and recurrence signal contract
AJ-RT-20260610-004-001,RT-20260610-004,DDR-20260610-004,documentation-curator,0.1.0,research_control/tasks/RT-20260610-004/jobs/AJ-RT-20260610-004-001.yaml,research_control/tasks/RT-20260610-004/jobs/completions/AJC-AJ-RT-20260610-004-001.yaml,completed,README.md;research_control/tasks/RT-20260610-004/**;registries/RESEARCH_TASK_REGISTRY.csv;registries/DIRECTOR_DECISION_REGISTRY.csv;registries/AGENT_JOB_REGISTRY.csv;registries/ROLE_EXECUTION_REGISTRY.csv;registries/CLAIM_BOUNDARY_REGISTRY.csv;registries/MARKDOWN_SOURCE_REGISTRY.csv,README.md;research_control/tasks/RT-20260610-004/documentation_impact.yaml,PASS,2026-06-10T17:58:14Z,2026-06-10T17:58:14Z,2026-06-10T17:58:14Z,false,README decision vocabulary documentation curator contract
AJ-RT-20260610-005-001,RT-20260610-005,DDR-20260610-005,project-control-maintainer,0.1.0,research_control/tasks/RT-20260610-005/jobs/AJ-RT-20260610-005-001.yaml,research_control/tasks/RT-20260610-005/jobs/completions/AJC-AJ-RT-20260610-005-001.yaml,completed,AGENTS.md;README.md;research_control/README.md;research_control/AGENTS.md;.agents/roles/research_ops/documentation-curator.v0.1.0.md;.agents/roles/research_ops/project-control-maintainer.v0.1.0.md;.codex/skills/improve-project-system/SKILL.md;scripts/project_control/classify_project_changes.py;scripts/project_control/resolve_project_improvement.py;scripts/project_control/validate_documentation_impact.py;scripts/research_control/validate_research_control.py;tests/test_project_change_classifier.py;tests/test_research_control.py;research_control/approvals/approval-20260610-005.yaml;research_control/tasks/RT-20260610-005/**;registries/AGENT_ROLE_REGISTRY.csv;registries/PROJECT_IMPROVEMENT_SIGNAL_TYPE_REGISTRY.csv;registries/RESEARCH_TASK_REGISTRY.csv;registries/DIRECTOR_DECISION_REGISTRY.csv;registries/AGENT_JOB_REGISTRY.csv;registries/ROLE_EXECUTION_REGISTRY.csv;registries/CLAIM_BOUNDARY_REGISTRY.csv;registries/MARKDOWN_SOURCE_REGISTRY.csv,.agents/roles/research_ops/project-control-maintainer.v0.1.0.md;.agents/roles/research_ops/documentation-curator.v0.1.0.md;scripts/project_control/classify_project_changes.py;scripts/research_control/validate_research_control.py;tests/test_project_change_classifier.py;tests/test_research_control.py;research_control/tasks/RT-20260610-005/documentation_impact.yaml,PASS,2026-06-10T18:13:01Z,2026-06-10T18:13:01Z,2026-06-10T18:13:01Z,true,Control-markdown authority split and Project-Control Maintainer contract
AJ-RT-20260610-006-001,RT-20260610-006,DDR-20260610-006,project-control-maintainer,0.1.0,research_control/tasks/RT-20260610-006/jobs/AJ-RT-20260610-006-001.yaml,research_control/tasks/RT-20260610-006/jobs/completions/AJC-AJ-RT-20260610-006-001.yaml,completed,AGENTS.md;README.md;research_control/README.md;plan-1.md;.agents/roles/research_ops/documentation-curator.v0.1.0.md;.agents/roles/research_ops/documentation-curator.v0.2.0.md;.agents/schemas/ROLE_SCHEMA.md;.codex/skills/html-visual-explainer/SKILL.md;.codex/skills/visual-explainer/SKILL.md;.codex/skills/project-memory-system/scripts/bootstrap_memory_system.py;scripts/research_control/validate_research_control.py;tests/test_research_control.py;tests/test_project_change_classifier.py;tests/test_memory_system.py;markdown/html-explainer-specs/research-control-system-explainer.md;registries/AGENT_ROLE_REGISTRY.csv;registries/HTML_EXPLAINER_REGISTRY.csv;registries/RESEARCH_TASK_REGISTRY.csv;registries/DIRECTOR_DECISION_REGISTRY.csv;registries/AGENT_JOB_REGISTRY.csv;registries/ROLE_EXECUTION_REGISTRY.csv;registries/CLAIM_BOUNDARY_REGISTRY.csv;registries/MARKDOWN_SOURCE_REGISTRY.csv;research_control/approvals/approval-20260610-006.yaml;research_control/tasks/RT-20260610-006/**,.agents/roles/research_ops/documentation-curator.v0.2.0.md;.agents/roles/research_ops/documentation-curator.v0.1.0.md;.codex/skills/project-memory-system/scripts/bootstrap_memory_system.py;scripts/research_control/validate_research_control.py;markdown/html-explainer-specs/research-control-system-explainer.md;html/research-control-system-explainer.html;tests/test_research_control.py;tests/test_project_change_classifier.py;tests/test_memory_system.py;research_control/tasks/RT-20260610-006/documentation_impact.yaml,PASS,2026-06-10T19:27:19Z,2026-06-10T19:27:19Z,2026-06-10T19:27:19Z,true,Documentation Curator v0.2.0 source-backed HTML explainer governance contract
AJ-RT-20260610-007-001,RT-20260610-007,DDR-20260610-007,documentation-curator,0.2.0,research_control/tasks/RT-20260610-007/jobs/AJ-RT-20260610-007-001.yaml,research_control/tasks/RT-20260610-007/jobs/completions/AJC-AJ-RT-20260610-007-001.yaml,completed,README.md;markdown/html-explainer-specs/project-overview-explainer.md;markdown/html-explainer-specs/aether-flow-ontology-explainer.md;markdown/html-explainer-specs/research-agent-workflow-explainer.md;html/project-overview-explainer.html;html/aether-flow-ontology-explainer.html;html/research-agent-workflow-explainer.html;research_control/tasks/RT-20260610-007/**;registries/RESEARCH_TASK_REGISTRY.csv;registries/DIRECTOR_DECISION_REGISTRY.csv;registries/AGENT_JOB_REGISTRY.csv;registries/ROLE_EXECUTION_REGISTRY.csv;registries/CLAIM_BOUNDARY_REGISTRY.csv;registries/MARKDOWN_SOURCE_REGISTRY.csv;registries/HTML_EXPLAINER_REGISTRY.csv,README.md;markdown/html-explainer-specs/project-overview-explainer.md;markdown/html-explainer-specs/aether-flow-ontology-explainer.md;markdown/html-explainer-specs/research-agent-workflow-explainer.md;html/project-overview-explainer.html;html/aether-flow-ontology-explainer.html;html/research-agent-workflow-explainer.html;research_control/tasks/RT-20260610-007/documentation_impact.yaml,PASS,2026-06-10T22:28:04Z,2026-06-10T22:28:04Z,2026-06-10T22:28:04Z,false,Documentation Curator first README and source-backed HTML content pass contract
AJ-RT-20260610-008-001,RT-20260610-008,DDR-20260610-008,project-control-maintainer,0.1.0,research_control/tasks/RT-20260610-008/jobs/AJ-RT-20260610-008-001.yaml,research_control/tasks/RT-20260610-008/jobs/completions/AJC-AJ-RT-20260610-008-001.yaml,completed,README.md;.agents/roles/research_ops/documentation-curator.v0.2.0.md;.codex/skills/html-visual-explainer/SKILL.md;.codex/skills/visual-explainer/SKILL.md;.codex/skills/project-memory-system/scripts/bootstrap_memory_system.py;tests/test_memory_system.py;markdown/html-explainer-specs/project-overview-explainer.md;markdown/html-explainer-specs/aether-flow-ontology-explainer.md;markdown/html-explainer-specs/research-agent-workflow-explainer.md;markdown/html-explainer-specs/research-control-system-explainer.md;html/project-overview-explainer.html;html/aether-flow-ontology-explainer.html;html/research-agent-workflow-explainer.html;html/research-control-system-explainer.html;research_control/approvals/approval-20260610-008.yaml;research_control/tasks/RT-20260610-008/**;registries/AGENT_ROLE_REGISTRY.csv;registries/RESEARCH_TASK_REGISTRY.csv;registries/DIRECTOR_DECISION_REGISTRY.csv;registries/AGENT_JOB_REGISTRY.csv;registries/ROLE_EXECUTION_REGISTRY.csv;registries/CLAIM_BOUNDARY_REGISTRY.csv;registries/MARKDOWN_SOURCE_REGISTRY.csv;registries/HTML_EXPLAINER_REGISTRY.csv,README.md;.agents/roles/research_ops/documentation-curator.v0.2.0.md;.codex/skills/html-visual-explainer/SKILL.md;.codex/skills/visual-explainer/SKILL.md;.codex/skills/project-memory-system/scripts/bootstrap_memory_system.py;tests/test_memory_system.py;markdown/html-explainer-specs/project-overview-explainer.md;markdown/html-explainer-specs/aether-flow-ontology-explainer.md;markdown/html-explainer-specs/research-agent-workflow-explainer.md;markdown/html-explainer-specs/research-control-system-explainer.md;html/project-overview-explainer.html;html/aether-flow-ontology-explainer.html;html/research-agent-workflow-explainer.html;html/research-control-system-explainer.html;research_control/tasks/RT-20260610-008/documentation_impact.yaml,PASS,2026-06-10T23:22:58Z,2026-06-10T23:22:58Z,2026-06-10T23:22:58Z,true,Interactive HTML explainer contract validator specs and generated page implementation
AJ-RT-20260610-009-001,RT-20260610-009,DDR-20260610-009,documentation-curator,0.2.0,research_control/tasks/RT-20260610-009/jobs/AJ-RT-20260610-009-001.yaml,research_control/tasks/RT-20260610-009/jobs/completions/AJC-AJ-RT-20260610-009-001.yaml,completed,markdown/html-explainer-specs/project-overview-explainer.md;markdown/html-explainer-specs/aether-flow-ontology-explainer.md;markdown/html-explainer-specs/research-agent-workflow-explainer.md;markdown/html-explainer-specs/research-control-system-explainer.md;html/project-overview-explainer.html;html/aether-flow-ontology-explainer.html;html/research-agent-workflow-explainer.html;html/research-control-system-explainer.html;research_control/tasks/RT-20260610-009/**;registries/RESEARCH_TASK_REGISTRY.csv;registries/DIRECTOR_DECISION_REGISTRY.csv;registries/AGENT_JOB_REGISTRY.csv;registries/ROLE_EXECUTION_REGISTRY.csv;registries/CLAIM_BOUNDARY_REGISTRY.csv;registries/MARKDOWN_SOURCE_REGISTRY.csv;registries/HTML_EXPLAINER_REGISTRY.csv,markdown/html-explainer-specs/project-overview-explainer.md;markdown/html-explainer-specs/aether-flow-ontology-explainer.md;markdown/html-explainer-specs/research-agent-workflow-explainer.md;markdown/html-explainer-specs/research-control-system-explainer.md;html/project-overview-explainer.html;html/aether-flow-ontology-explainer.html;html/research-agent-workflow-explainer.html;html/research-control-system-explainer.html;research_control/tasks/RT-20260610-009/documentation_impact.yaml,PASS,2026-06-10T23:45:22Z,2026-06-10T23:45:22Z,2026-06-10T23:45:22Z,false,Human visual explainer QA source drilldown and rendered navigation polish
AJ-RT-20260610-010-001,RT-20260610-010,DDR-20260610-010,project-control-maintainer,0.1.0,research_control/tasks/RT-20260610-010/jobs/AJ-RT-20260610-010-001.yaml,research_control/tasks/RT-20260610-010/jobs/completions/AJC-AJ-RT-20260610-010-001.yaml,completed,README.md;.agents/roles/research_ops/documentation-curator.v0.2.0.md;.codex/skills/html-visual-explainer/SKILL.md;.codex/skills/visual-explainer/SKILL.md;.codex/skills/project-memory-system/scripts/bootstrap_memory_system.py;tests/test_memory_system.py;markdown/html-explainer-specs/project-overview-explainer.md;markdown/html-explainer-specs/aether-flow-ontology-explainer.md;markdown/html-explainer-specs/research-agent-workflow-explainer.md;markdown/html-explainer-specs/research-control-system-explainer.md;html/project-overview-explainer.html;html/aether-flow-ontology-explainer.html;html/research-agent-workflow-explainer.html;html/research-control-system-explainer.html;research_control/approvals/approval-20260610-010.yaml;research_control/tasks/RT-20260610-010/**;registries/AGENT_ROLE_REGISTRY.csv;registries/RESEARCH_TASK_REGISTRY.csv;registries/DIRECTOR_DECISION_REGISTRY.csv;registries/AGENT_JOB_REGISTRY.csv;registries/ROLE_EXECUTION_REGISTRY.csv;registries/CLAIM_BOUNDARY_REGISTRY.csv;registries/MARKDOWN_SOURCE_REGISTRY.csv;registries/HTML_EXPLAINER_REGISTRY.csv,README.md;.agents/roles/research_ops/documentation-curator.v0.2.0.md;.codex/skills/html-visual-explainer/SKILL.md;.codex/skills/visual-explainer/SKILL.md;.codex/skills/project-memory-system/scripts/bootstrap_memory_system.py;tests/test_memory_system.py;markdown/html-explainer-specs/project-overview-explainer.md;markdown/html-explainer-specs/aether-flow-ontology-explainer.md;markdown/html-explainer-specs/research-agent-workflow-explainer.md;markdown/html-explainer-specs/research-control-system-explainer.md;html/project-overview-explainer.html;html/aether-flow-ontology-explainer.html;html/research-agent-workflow-explainer.html;html/research-control-system-explainer.html;research_control/tasks/RT-20260610-010/documentation_impact.yaml,PASS,2026-06-11T00:06:37Z,2026-06-11T00:06:37Z,2026-06-11T00:06:37Z,true,Deep-first HTML explainer contract validator specs and generated page cleanup
AJ-RT-20260611-001-001,RT-20260611-001,DDR-20260611-001,validator-engineer,0.1.0,research_control/tasks/RT-20260611-001/jobs/AJ-RT-20260611-001-001.yaml,research_control/tasks/RT-20260611-001/jobs/completions/AJC-AJ-RT-20260611-001-001.yaml,completed,.codex/skills/html-visual-explainer/SKILL.md;.codex/skills/visual-explainer/SKILL.md;.codex/skills/visual-explainer/THIRD_PARTY_NOTICES.md;.codex/skills/visual-explainer/subskills/mermaid-documentation/**;.codex/skills/project-memory-system/scripts/bootstrap_memory_system.py;tests/test_memory_system.py;html/assets/**;research_control/approvals/approval-20260611-001.yaml;research_control/tasks/RT-20260611-001/**;registries/MARKDOWN_SOURCE_REGISTRY.csv;registries/RESEARCH_TASK_REGISTRY.csv;registries/DIRECTOR_DECISION_REGISTRY.csv;registries/AGENT_JOB_REGISTRY.csv;registries/ROLE_EXECUTION_REGISTRY.csv;registries/CLAIM_BOUNDARY_REGISTRY.csv,.codex/skills/html-visual-explainer/SKILL.md;.codex/skills/visual-explainer/SKILL.md;.codex/skills/visual-explainer/THIRD_PARTY_NOTICES.md;.codex/skills/visual-explainer/subskills/mermaid-documentation/**;.codex/skills/project-memory-system/scripts/bootstrap_memory_system.py;tests/test_memory_system.py;html/assets/**;research_control/tasks/RT-20260611-001/documentation_impact.yaml,PASS,2026-06-11T01:04:15Z,2026-06-11T01:04:15Z,2026-06-11T01:23:22Z,true,Mermaid documentation subskill validator runtime asset and bootstrap integration completed
AJ-RT-20260611-002-001,RT-20260611-002,DDR-20260611-002,documentation-curator,0.2.0,research_control/tasks/RT-20260611-002/jobs/AJ-RT-20260611-002-001.yaml,research_control/tasks/RT-20260611-002/jobs/completions/AJC-AJ-RT-20260611-002-001.yaml,completed,markdown/html-explainer-specs/research-control-system-explainer.md;html/research-control-system-explainer.html;research_control/tasks/RT-20260611-002/**;registries/RESEARCH_TASK_REGISTRY.csv;registries/DIRECTOR_DECISION_REGISTRY.csv;registries/AGENT_JOB_REGISTRY.csv;registries/ROLE_EXECUTION_REGISTRY.csv;registries/CLAIM_BOUNDARY_REGISTRY.csv;registries/MARKDOWN_SOURCE_REGISTRY.csv;registries/HTML_EXPLAINER_REGISTRY.csv,markdown/html-explainer-specs/research-control-system-explainer.md;html/research-control-system-explainer.html;research_control/tasks/RT-20260611-002/documentation_impact.yaml,PASS,2026-06-11T01:32:43Z,2026-06-11T01:32:43Z,2026-06-11T01:41:58Z,false,Governed Mermaid content pilot for research-control-system explainer completed
AJ-RT-20260611-003-001,RT-20260611-003,DDR-20260611-003,validator-engineer,0.1.0,research_control/tasks/RT-20260611-003/jobs/AJ-RT-20260611-003-001.yaml,research_control/tasks/RT-20260611-003/jobs/completions/AJC-AJ-RT-20260611-003-001.yaml,completed,.gitignore;.codex/skills/html-visual-explainer/SKILL.md;.codex/skills/visual-explainer/SKILL.md;.codex/skills/visual-explainer/THIRD_PARTY_NOTICES.md;.codex/skills/visual-explainer/subskills/mermaid-documentation/**;tests/test_memory_system.py;markdown/html-explainer-specs/research-control-system-explainer.md;html/research-control-system-explainer.html;html/assets/**;research_control/approvals/approval-20260611-003.yaml;research_control/tasks/RT-20260611-003/**;registries/MARKDOWN_SOURCE_REGISTRY.csv;registries/HTML_EXPLAINER_REGISTRY.csv;registries/RESEARCH_TASK_REGISTRY.csv;registries/DIRECTOR_DECISION_REGISTRY.csv;registries/AGENT_JOB_REGISTRY.csv;registries/ROLE_EXECUTION_REGISTRY.csv;registries/CLAIM_BOUNDARY_REGISTRY.csv,.gitignore;.codex/skills/html-visual-explainer/SKILL.md;.codex/skills/visual-explainer/SKILL.md;.codex/skills/visual-explainer/THIRD_PARTY_NOTICES.md;.codex/skills/visual-explainer/subskills/mermaid-documentation/**;tests/test_memory_system.py;markdown/html-explainer-specs/research-control-system-explainer.md;html/research-control-system-explainer.html;research_control/tasks/RT-20260611-003/documentation_impact.yaml,PASS,2026-06-11T02:18:55Z,2026-06-11T02:18:55Z,2026-06-11T02:18:55Z,true,Standalone inline-SVG Mermaid renderer validator generated proof and runtime cleanup completed
AJ-RT-20260611-004-001,RT-20260611-004,DDR-20260611-004,validator-engineer,0.1.0,research_control/tasks/RT-20260611-004/jobs/AJ-RT-20260611-004-001.yaml,research_control/tasks/RT-20260611-004/jobs/completions/AJC-AJ-RT-20260611-004-001.yaml,completed,.codex/skills/visual-explainer/subskills/mermaid-documentation/SKILL.md;.codex/skills/visual-explainer/subskills/mermaid-documentation/scripts/render_mermaid_inline_svg.mjs;.codex/skills/visual-explainer/subskills/mermaid-documentation/scripts/validate_mermaid_sources.py;tests/test_memory_system.py;html/research-control-system-explainer.html;research_control/approvals/approval-20260611-004.yaml;research_control/tasks/RT-20260611-004/**;registries/MARKDOWN_SOURCE_REGISTRY.csv;registries/HTML_EXPLAINER_REGISTRY.csv;registries/RESEARCH_TASK_REGISTRY.csv;registries/DIRECTOR_DECISION_REGISTRY.csv;registries/AGENT_JOB_REGISTRY.csv;registries/ROLE_EXECUTION_REGISTRY.csv;registries/CLAIM_BOUNDARY_REGISTRY.csv,.codex/skills/visual-explainer/subskills/mermaid-documentation/SKILL.md;.codex/skills/visual-explainer/subskills/mermaid-documentation/scripts/render_mermaid_inline_svg.mjs;.codex/skills/visual-explainer/subskills/mermaid-documentation/scripts/validate_mermaid_sources.py;tests/test_memory_system.py;html/research-control-system-explainer.html;research_control/tasks/RT-20260611-004/documentation_impact.yaml,PASS,2026-06-11T03:06:25Z,2026-06-11T03:06:25Z,2026-06-11T03:06:25Z,true,Mermaid inline SVG CSS selector rewrite validator and browser smoke proof completed
AJ-RT-20260611-005-001,RT-20260611-005,DDR-20260611-005,validator-engineer,0.1.0,research_control/tasks/RT-20260611-005/jobs/AJ-RT-20260611-005-001.yaml,research_control/tasks/RT-20260611-005/jobs/completions/AJC-AJ-RT-20260611-005-001.yaml,completed,.codex/skills/visual-explainer/subskills/mermaid-documentation/SKILL.md;.codex/skills/visual-explainer/templates/mermaid-flowchart.html;.codex/skills/visual-explainer/subskills/mermaid-documentation/scripts/validate_mermaid_sources.py;tests/test_memory_system.py;html/research-control-system-explainer.html;research_control/approvals/approval-20260611-005.yaml;research_control/tasks/RT-20260611-005/**;registries/MARKDOWN_SOURCE_REGISTRY.csv;registries/HTML_EXPLAINER_REGISTRY.csv;registries/RESEARCH_TASK_REGISTRY.csv;registries/DIRECTOR_DECISION_REGISTRY.csv;registries/AGENT_JOB_REGISTRY.csv;registries/ROLE_EXECUTION_REGISTRY.csv;registries/CLAIM_BOUNDARY_REGISTRY.csv,.codex/skills/visual-explainer/subskills/mermaid-documentation/SKILL.md;.codex/skills/visual-explainer/templates/mermaid-flowchart.html;.codex/skills/visual-explainer/subskills/mermaid-documentation/scripts/validate_mermaid_sources.py;tests/test_memory_system.py;html/research-control-system-explainer.html;research_control/tasks/RT-20260611-005/documentation_impact.yaml,PASS,2026-06-11T03:32:00Z,2026-06-11T03:32:00Z,2026-06-11T03:32:00Z,true,Mermaid interaction script live-server injection validator and Chrome localhost proof completed
AJ-RT-20260611-007-001,RT-20260611-007,DDR-20260611-007,documentation-curator,0.2.0,research_control/tasks/RT-20260611-007/jobs/AJ-RT-20260611-007-001.yaml,research_control/tasks/RT-20260611-007/jobs/completions/AJC-AJ-RT-20260611-007-001.yaml,completed,README.md;markdown/html-explainer-specs/project-overview-explainer.md;markdown/html-explainer-specs/aether-flow-ontology-explainer.md;markdown/html-explainer-specs/research-agent-workflow-explainer.md;markdown/html-explainer-specs/research-control-system-explainer.md;markdown/html-explainer-specs/role-routing-explainer.md;markdown/html-explainer-specs/claim-gates-explainer.md;markdown/html-explainer-specs/source-authority-explainer.md;html/project-overview-explainer.html;html/aether-flow-ontology-explainer.html;html/research-agent-workflow-explainer.html;html/research-control-system-explainer.html;html/role-routing-explainer.html;html/claim-gates-explainer.html;html/source-authority-explainer.html;research_control/tasks/RT-20260611-007/**;registries/RESEARCH_TASK_REGISTRY.csv;registries/DIRECTOR_DECISION_REGISTRY.csv;registries/AGENT_JOB_REGISTRY.csv;registries/ROLE_EXECUTION_REGISTRY.csv;registries/CLAIM_BOUNDARY_REGISTRY.csv;registries/MARKDOWN_SOURCE_REGISTRY.csv;registries/HTML_EXPLAINER_REGISTRY.csv,README.md;markdown/html-explainer-specs/project-overview-explainer.md;markdown/html-explainer-specs/aether-flow-ontology-explainer.md;markdown/html-explainer-specs/research-agent-workflow-explainer.md;markdown/html-explainer-specs/research-control-system-explainer.md;markdown/html-explainer-specs/role-routing-explainer.md;markdown/html-explainer-specs/claim-gates-explainer.md;markdown/html-explainer-specs/source-authority-explainer.md;html/project-overview-explainer.html;html/aether-flow-ontology-explainer.html;html/research-agent-workflow-explainer.html;html/research-control-system-explainer.html;html/role-routing-explainer.html;html/claim-gates-explainer.html;html/source-authority-explainer.html;research_control/tasks/RT-20260611-007/documentation_impact.yaml;research_control/tasks/RT-20260611-007/jobs/completions/AJC-AJ-RT-20260611-007-001.yaml,PASS,2026-06-11T16:16:53Z,2026-06-11T16:16:53Z,2026-06-11T16:35:44Z,false,Research-atlas source-backed HTML explainer expansion completed
AJ-RT-20260611-008-001,RT-20260611-008,DDR-20260611-008,project-control-maintainer,0.1.0,research_control/tasks/RT-20260611-008/jobs/AJ-RT-20260611-008-001.yaml,research_control/tasks/RT-20260611-008/jobs/completions/AJC-AJ-RT-20260611-008-001.yaml,completed,.codex/skills/html-visual-explainer/SKILL.md;.codex/skills/visual-explainer/SKILL.md;.codex/skills/project-memory-system/scripts/bootstrap_memory_system.py;tests/test_memory_system.py;markdown/html-explainer-specs/project-overview-explainer.md;markdown/html-explainer-specs/aether-flow-ontology-explainer.md;markdown/html-explainer-specs/research-agent-workflow-explainer.md;markdown/html-explainer-specs/research-control-system-explainer.md;markdown/html-explainer-specs/role-routing-explainer.md;markdown/html-explainer-specs/claim-gates-explainer.md;markdown/html-explainer-specs/source-authority-explainer.md;html/project-overview-explainer.html;html/aether-flow-ontology-explainer.html;html/research-agent-workflow-explainer.html;html/research-control-system-explainer.html;html/role-routing-explainer.html;html/claim-gates-explainer.html;html/source-authority-explainer.html;research_control/approvals/approval-20260611-008.yaml;research_control/tasks/RT-20260611-008/**;registries/RESEARCH_TASK_REGISTRY.csv;registries/DIRECTOR_DECISION_REGISTRY.csv;registries/AGENT_JOB_REGISTRY.csv;registries/ROLE_EXECUTION_REGISTRY.csv;registries/CLAIM_BOUNDARY_REGISTRY.csv;registries/MARKDOWN_SOURCE_REGISTRY.csv;registries/HTML_EXPLAINER_REGISTRY.csv,.codex/skills/html-visual-explainer/SKILL.md;.codex/skills/visual-explainer/SKILL.md;.codex/skills/project-memory-system/scripts/bootstrap_memory_system.py;tests/test_memory_system.py;markdown/html-explainer-specs/project-overview-explainer.md;markdown/html-explainer-specs/aether-flow-ontology-explainer.md;markdown/html-explainer-specs/research-agent-workflow-explainer.md;markdown/html-explainer-specs/research-control-system-explainer.md;markdown/html-explainer-specs/role-routing-explainer.md;markdown/html-explainer-specs/claim-gates-explainer.md;markdown/html-explainer-specs/source-authority-explainer.md;html/project-overview-explainer.html;html/aether-flow-ontology-explainer.html;html/research-agent-workflow-explainer.html;html/research-control-system-explainer.html;html/role-routing-explainer.html;html/claim-gates-explainer.html;html/source-authority-explainer.html;research_control/tasks/RT-20260611-008/documentation_impact.yaml,PASS,2026-06-11T17:10:34Z,2026-06-11T17:10:34Z,2026-06-11T17:20:32Z,true,Three-layer source-backed HTML readability repair completed
AJ-RT-20260611-009-001,RT-20260611-009,DDR-20260611-009,project-control-maintainer,0.1.0,research_control/tasks/RT-20260611-009/jobs/AJ-RT-20260611-009-001.yaml,research_control/tasks/RT-20260611-009/jobs/completions/AJC-AJ-RT-20260611-009-001.yaml,completed,.codex/skills/html-visual-explainer/SKILL.md;.codex/skills/visual-explainer/SKILL.md;.codex/skills/visual-explainer/subskills/mermaid-documentation/SKILL.md;.codex/skills/project-memory-system/scripts/bootstrap_memory_system.py;tests/test_memory_system.py;markdown/html-explainer-specs/project-overview-explainer.md;markdown/html-explainer-specs/aether-flow-ontology-explainer.md;markdown/html-explainer-specs/research-agent-workflow-explainer.md;markdown/html-explainer-specs/research-control-system-explainer.md;markdown/html-explainer-specs/role-routing-explainer.md;markdown/html-explainer-specs/claim-gates-explainer.md;markdown/html-explainer-specs/source-authority-explainer.md;html/project-overview-explainer.html;html/aether-flow-ontology-explainer.html;html/research-agent-workflow-explainer.html;html/research-control-system-explainer.html;html/role-routing-explainer.html;html/claim-gates-explainer.html;html/source-authority-explainer.html;research_control/approvals/approval-20260611-009.yaml;research_control/approvals/approval-20260611-008.yaml;research_control/tasks/RT-20260611-008/**;research_control/tasks/RT-20260611-009/**;registries/RESEARCH_TASK_REGISTRY.csv;registries/DIRECTOR_DECISION_REGISTRY.csv;registries/AGENT_JOB_REGISTRY.csv;registries/ROLE_EXECUTION_REGISTRY.csv;registries/CLAIM_BOUNDARY_REGISTRY.csv;registries/MARKDOWN_SOURCE_REGISTRY.csv;registries/HTML_EXPLAINER_REGISTRY.csv,.codex/skills/html-visual-explainer/SKILL.md;.codex/skills/visual-explainer/SKILL.md;.codex/skills/visual-explainer/subskills/mermaid-documentation/SKILL.md;.codex/skills/project-memory-system/scripts/bootstrap_memory_system.py;tests/test_memory_system.py;markdown/html-explainer-specs/project-overview-explainer.md;markdown/html-explainer-specs/aether-flow-ontology-explainer.md;markdown/html-explainer-specs/research-agent-workflow-explainer.md;markdown/html-explainer-specs/research-control-system-explainer.md;markdown/html-explainer-specs/role-routing-explainer.md;markdown/html-explainer-specs/claim-gates-explainer.md;markdown/html-explainer-specs/source-authority-explainer.md;html/project-overview-explainer.html;html/aether-flow-ontology-explainer.html;html/research-agent-workflow-explainer.html;html/research-control-system-explainer.html;html/role-routing-explainer.html;html/claim-gates-explainer.html;html/source-authority-explainer.html;research_control/tasks/RT-20260611-009/documentation_impact.yaml,PASS,2026-06-11T18:37:39Z,2026-06-11T18:37:39Z,2026-06-11T18:45:51Z,true,Adaptive Mermaid diagram fit repair completed
AJ-RT-20260611-010-001,RT-20260611-010,DDR-20260611-010,project-control-maintainer,0.1.0,research_control/tasks/RT-20260611-010/jobs/AJ-RT-20260611-010-001.yaml,research_control/tasks/RT-20260611-010/jobs/completions/AJC-AJ-RT-20260611-010-001.yaml,completed,README.md;research_control/design/html_explainer_flexible_presentation_contract.md;.agents/roles/research_ops/documentation-curator.v0.2.0.md;.codex/skills/html-visual-explainer/SKILL.md;.codex/skills/visual-explainer/SKILL.md;.codex/skills/project-memory-system/scripts/bootstrap_memory_system.py;tests/test_memory_system.py;markdown/html-explainer-specs/project-overview-explainer.md;markdown/html-explainer-specs/aether-flow-ontology-explainer.md;markdown/html-explainer-specs/research-agent-workflow-explainer.md;markdown/html-explainer-specs/research-control-system-explainer.md;markdown/html-explainer-specs/role-routing-explainer.md;markdown/html-explainer-specs/claim-gates-explainer.md;markdown/html-explainer-specs/source-authority-explainer.md;markdown/html-explainer-specs/roles-and-skills-explainer.md;markdown/html-explainer-specs/memory-system-explainer.md;markdown/html-explainer-specs/technical-requirements-explainer.md;html/project-overview-explainer.html;html/aether-flow-ontology-explainer.html;html/research-agent-workflow-explainer.html;html/research-control-system-explainer.html;html/role-routing-explainer.html;html/claim-gates-explainer.html;html/source-authority-explainer.html;html/roles-and-skills-explainer.html;html/memory-system-explainer.html;html/technical-requirements-explainer.html;research_control/approvals/approval-20260611-010.yaml;research_control/tasks/RT-20260611-010/**;registries/AGENT_ROLE_REGISTRY.csv;registries/RESEARCH_TASK_REGISTRY.csv;registries/DIRECTOR_DECISION_REGISTRY.csv;registries/AGENT_JOB_REGISTRY.csv;registries/ROLE_EXECUTION_REGISTRY.csv;registries/CLAIM_BOUNDARY_REGISTRY.csv;registries/MARKDOWN_SOURCE_REGISTRY.csv;registries/HTML_EXPLAINER_REGISTRY.csv,README.md;research_control/design/html_explainer_flexible_presentation_contract.md;.agents/roles/research_ops/documentation-curator.v0.2.0.md;.codex/skills/html-visual-explainer/SKILL.md;.codex/skills/visual-explainer/SKILL.md;.codex/skills/project-memory-system/scripts/bootstrap_memory_system.py;tests/test_memory_system.py;markdown/html-explainer-specs/project-overview-explainer.md;markdown/html-explainer-specs/aether-flow-ontology-explainer.md;markdown/html-explainer-specs/research-agent-workflow-explainer.md;markdown/html-explainer-specs/research-control-system-explainer.md;markdown/html-explainer-specs/role-routing-explainer.md;markdown/html-explainer-specs/claim-gates-explainer.md;markdown/html-explainer-specs/source-authority-explainer.md;markdown/html-explainer-specs/roles-and-skills-explainer.md;markdown/html-explainer-specs/memory-system-explainer.md;markdown/html-explainer-specs/technical-requirements-explainer.md;html/project-overview-explainer.html;html/aether-flow-ontology-explainer.html;html/research-agent-workflow-explainer.html;html/research-control-system-explainer.html;html/role-routing-explainer.html;html/claim-gates-explainer.html;html/source-authority-explainer.html;html/roles-and-skills-explainer.html;html/memory-system-explainer.html;html/technical-requirements-explainer.html;research_control/tasks/RT-20260611-010/documentation_impact.yaml,PASS,2026-06-11T20:21:49Z,2026-06-11T20:21:49Z,2026-06-11T21:11:34Z,true,Flexible source-backed HTML explainer presentation contract migration completed
AJ-RT-20260611-011-001,RT-20260611-011,DDR-20260611-011,project-control-maintainer,0.1.0,research_control/tasks/RT-20260611-011/jobs/AJ-RT-20260611-011-001.yaml,research_control/tasks/RT-20260611-011/jobs/completions/AJC-AJ-RT-20260611-011-001.yaml,completed,README.md;research_control/design/html_explainer_flexible_presentation_contract.md;.agents/roles/research_ops/documentation-curator.v0.2.0.md;.codex/skills/html-visual-explainer/SKILL.md;.codex/skills/visual-explainer/SKILL.md;.codex/skills/visual-explainer/subskills/mermaid-documentation/SKILL.md;.codex/skills/visual-explainer/subskills/mermaid-documentation/scripts/render_mermaid_inline_svg.mjs;.codex/skills/project-memory-system/scripts/bootstrap_memory_system.py;tests/test_memory_system.py;markdown/html-explainer-specs/project-overview-explainer.md;markdown/html-explainer-specs/aether-flow-ontology-explainer.md;markdown/html-explainer-specs/research-agent-workflow-explainer.md;markdown/html-explainer-specs/research-control-system-explainer.md;markdown/html-explainer-specs/role-routing-explainer.md;markdown/html-explainer-specs/claim-gates-explainer.md;markdown/html-explainer-specs/source-authority-explainer.md;markdown/html-explainer-specs/roles-and-skills-explainer.md;markdown/html-explainer-specs/memory-system-explainer.md;markdown/html-explainer-specs/technical-requirements-explainer.md;html/project-overview-explainer.html;html/aether-flow-ontology-explainer.html;html/research-agent-workflow-explainer.html;html/research-control-system-explainer.html;html/role-routing-explainer.html;html/claim-gates-explainer.html;html/source-authority-explainer.html;html/roles-and-skills-explainer.html;html/memory-system-explainer.html;html/technical-requirements-explainer.html;research_control/approvals/approval-20260611-011.yaml;research_control/tasks/RT-20260611-011/**;registries/RESEARCH_TASK_REGISTRY.csv;registries/DIRECTOR_DECISION_REGISTRY.csv;registries/AGENT_JOB_REGISTRY.csv;registries/ROLE_EXECUTION_REGISTRY.csv;registries/CLAIM_BOUNDARY_REGISTRY.csv;registries/MARKDOWN_SOURCE_REGISTRY.csv;registries/HTML_EXPLAINER_REGISTRY.csv,README.md;research_control/design/html_explainer_flexible_presentation_contract.md;.agents/roles/research_ops/documentation-curator.v0.2.0.md;.codex/skills/html-visual-explainer/SKILL.md;.codex/skills/visual-explainer/SKILL.md;.codex/skills/visual-explainer/subskills/mermaid-documentation/SKILL.md;.codex/skills/visual-explainer/subskills/mermaid-documentation/scripts/render_mermaid_inline_svg.mjs;.codex/skills/project-memory-system/scripts/bootstrap_memory_system.py;tests/test_memory_system.py;markdown/html-explainer-specs/*.md;html/*.html;research_control/tasks/RT-20260611-011/documentation_impact.yaml;research_control/tasks/RT-20260611-011/jobs/completions/AJC-AJ-RT-20260611-011-001.yaml,PASS,2026-06-11T22:37:13Z,2026-06-11T22:37:13Z,2026-06-11T23:20:59Z,true,HTML explainer UI cleanup and Mermaid render repair completed
AJ-RT-20260612-001-001,RT-20260612-001,DDR-20260612-001,project-control-maintainer,0.1.0,research_control/tasks/RT-20260612-001/jobs/AJ-RT-20260612-001-001.yaml,research_control/tasks/RT-20260612-001/jobs/completions/AJC-AJ-RT-20260612-001-001.yaml,completed,CONTEXT.md;research_control/design/html_explainer_flexible_presentation_contract.md;.agents/roles/research_ops/documentation-curator.v0.2.0.md;.agents/roles/research_ops/documentation-curator.v0.3.0.md;.codex/skills/html-visual-explainer/SKILL.md;.codex/skills/visual-explainer/SKILL.md;.codex/skills/project-memory-system/scripts/bootstrap_memory_system.py;tests/test_memory_system.py;markdown/html-explainer-specs/project-overview-explainer.md;markdown/html-explainer-specs/aether-flow-ontology-explainer.md;markdown/html-explainer-specs/research-agent-workflow-explainer.md;markdown/html-explainer-specs/research-control-system-explainer.md;markdown/html-explainer-specs/role-routing-explainer.md;markdown/html-explainer-specs/claim-gates-explainer.md;markdown/html-explainer-specs/source-authority-explainer.md;markdown/html-explainer-specs/roles-and-skills-explainer.md;markdown/html-explainer-specs/memory-system-explainer.md;markdown/html-explainer-specs/technical-requirements-explainer.md;html/project-overview-explainer.html;html/aether-flow-ontology-explainer.html;html/research-agent-workflow-explainer.html;html/research-control-system-explainer.html;html/role-routing-explainer.html;html/claim-gates-explainer.html;html/source-authority-explainer.html;html/roles-and-skills-explainer.html;html/memory-system-explainer.html;html/technical-requirements-explainer.html;research_control/approvals/approval-20260612-001.yaml;research_control/tasks/RT-20260612-001/**;registries/RESEARCH_TASK_REGISTRY.csv;registries/DIRECTOR_DECISION_REGISTRY.csv;registries/AGENT_JOB_REGISTRY.csv;registries/ROLE_EXECUTION_REGISTRY.csv;registries/CLAIM_BOUNDARY_REGISTRY.csv;registries/AGENT_ROLE_REGISTRY.csv;registries/MARKDOWN_SOURCE_REGISTRY.csv;registries/HTML_EXPLAINER_REGISTRY.csv,CONTEXT.md;research_control/design/html_explainer_flexible_presentation_contract.md;.agents/roles/research_ops/documentation-curator.v0.2.0.md;.agents/roles/research_ops/documentation-curator.v0.3.0.md;.codex/skills/html-visual-explainer/SKILL.md;.codex/skills/visual-explainer/SKILL.md;.codex/skills/project-memory-system/scripts/bootstrap_memory_system.py;tests/test_memory_system.py;markdown/html-explainer-specs/*.md;html/*.html;research_control/tasks/RT-20260612-001/documentation_impact.yaml;research_control/tasks/RT-20260612-001/jobs/completions/AJC-AJ-RT-20260612-001-001.yaml,PASS,2026-06-12T01:38:51Z,2026-06-12T01:38:51Z,2026-06-12T02:22:44Z,true,Subject summary HTML explainer contract migration completed
AJ-RT-20260612-002-001,RT-20260612-002,DDR-20260612-002,project-control-maintainer,0.1.0,research_control/tasks/RT-20260612-002/jobs/AJ-RT-20260612-002-001.yaml,research_control/tasks/RT-20260612-002/jobs/completions/AJC-AJ-RT-20260612-002-001.yaml,completed,README.md;CONTEXT.md;research_control/design/html_explainer_flexible_presentation_contract.md;.agents/roles/research_ops/documentation-curator.v0.3.0.md;.agents/roles/research_ops/documentation-curator.v0.4.0.md;.codex/skills/html-visual-explainer/SKILL.md;.codex/skills/visual-explainer/SKILL.md;.codex/skills/project-memory-system/scripts/bootstrap_memory_system.py;tests/test_memory_system.py;markdown/html-explainer-specs/project-overview-explainer.md;markdown/html-explainer-specs/aether-flow-ontology-explainer.md;markdown/html-explainer-specs/research-agent-workflow-explainer.md;markdown/html-explainer-specs/research-control-system-explainer.md;markdown/html-explainer-specs/role-routing-explainer.md;markdown/html-explainer-specs/claim-gates-explainer.md;markdown/html-explainer-specs/source-authority-explainer.md;markdown/html-explainer-specs/roles-and-skills-explainer.md;markdown/html-explainer-specs/memory-system-explainer.md;markdown/html-explainer-specs/technical-requirements-explainer.md;html/project-overview-explainer.html;html/aether-flow-ontology-explainer.html;html/research-agent-workflow-explainer.html;html/research-control-system-explainer.html;html/role-routing-explainer.html;html/claim-gates-explainer.html;html/source-authority-explainer.html;html/roles-and-skills-explainer.html;html/memory-system-explainer.html;html/technical-requirements-explainer.html;research_control/approvals/approval-20260612-002.yaml;research_control/tasks/RT-20260612-002/**;registries/RESEARCH_TASK_REGISTRY.csv;registries/DIRECTOR_DECISION_REGISTRY.csv;registries/AGENT_JOB_REGISTRY.csv;registries/ROLE_EXECUTION_REGISTRY.csv;registries/CLAIM_BOUNDARY_REGISTRY.csv;registries/AGENT_ROLE_REGISTRY.csv;registries/MARKDOWN_SOURCE_REGISTRY.csv;registries/HTML_EXPLAINER_REGISTRY.csv,README.md;CONTEXT.md;research_control/design/html_explainer_flexible_presentation_contract.md;.agents/roles/research_ops/documentation-curator.v0.3.0.md;.agents/roles/research_ops/documentation-curator.v0.4.0.md;.codex/skills/html-visual-explainer/SKILL.md;.codex/skills/visual-explainer/SKILL.md;.codex/skills/project-memory-system/scripts/bootstrap_memory_system.py;tests/test_memory_system.py;markdown/html-explainer-specs/*.md;html/*.html;research_control/tasks/RT-20260612-002/documentation_impact.yaml;research_control/tasks/RT-20260612-002/jobs/completions/AJC-AJ-RT-20260612-002-001.yaml,PASS,2026-06-12T03:23:00Z,2026-06-12T03:23:00Z,2026-06-12T03:59:06Z,true,Source-backed Summary of subject HTML explainer correction completed
