object_id,path,format,role,authority_status,audience,source_hash,related_source,generated_from,generated_outputs,owner_skill,validation_status,last_validated_at,notes,source_object_id,source_registry,extractor,extraction_status,content_hash,extracted_text_path,content_chars,page_count,headings,links,labels,refs,citations,equation_count,html_title,generated_at
SEMANTIC-HTML-RESEARCH-CONTROL-SYSTEM-EXPLAINER,.local/content_semantics/html/html-research-control-system-explainer.txt,content_semantics,content_semantic_extract,generated_noncanonical,agents,fcc2139da2ce4ed25821808ebf893b9802cd5b63ce6837cf76cfd19f08e71737,HTML-RESEARCH-CONTROL-SYSTEM-EXPLAINER,HTML-RESEARCH-CONTROL-SYSTEM-EXPLAINER,,obsidian-wiki,PASS,2026-06-10T19:37:31Z,Generated deterministic content semantics for local agent retrieval.,HTML-RESEARCH-CONTROL-SYSTEM-EXPLAINER,HTML_EXPLAINER_REGISTRY.csv,html,PASS,fcc2139da2ce4ed25821808ebf893b9802cd5b63ce6837cf76cfd19f08e71737,.local/content_semantics/html/html-research-control-system-explainer.txt,3010,0,"[""Research-Control System Explainer"",""Authority Ladder"",""Canonical science sources"",""Registries"",""Registered Markdown"",""Generated derivatives"",""Two Workflows"",""Documentation Curator v0.2.0"",""markdown/html-explainer-specs"",""visual-explainer"",""html/*.html"",""Validator Gates"",""Claim Boundary"",""Source Materials""]",[],[],[],[],0,Research-Control System Explainer,2026-06-10T19:37:31Z
SEMANTIC-MD-AGENTS,.local/content_semantics/markdown/md-agents.txt,content_semantics,content_semantic_extract,generated_noncanonical,agents,96151d1a6dd1a7c9455853b19231dc3ca81ef6afe59b765685989ad456f72827,MD-AGENTS,MD-AGENTS,,obsidian-wiki,PASS,2026-06-10T19:37:31Z,Generated deterministic content semantics for local agent retrieval.,MD-AGENTS,MARKDOWN_SOURCE_REGISTRY.csv,markdown,PASS,96151d1a6dd1a7c9455853b19231dc3ca81ef6afe59b765685989ad456f72827,.local/content_semantics/markdown/md-agents.txt,4084,0,"[""AGENTS.md"",""Project Identity"",""Authority Hierarchy"",""Research-Control Continuation"",""Project-System Improvement"",""Required Checks"",""Generated-Output Boundaries""]",[],[],[],[],0,,2026-06-10T19:37:31Z
SEMANTIC-MD-AGENTS-AGENTS,.local/content_semantics/markdown/md-agents-agents.txt,content_semantics,content_semantic_extract,generated_noncanonical,agents,37f37011b22aee8091f72f4edc8a6d04997a512781f652a5d24db80e3dbe4ce8,MD-AGENTS-AGENTS,MD-AGENTS-AGENTS,,obsidian-wiki,PASS,2026-06-10T02:34:32Z,Generated deterministic content semantics for local agent retrieval.,MD-AGENTS-AGENTS,MARKDOWN_SOURCE_REGISTRY.csv,markdown,PASS,37f37011b22aee8091f72f4edc8a6d04997a512781f652a5d24db80e3dbe4ce8,.local/content_semantics/markdown/md-agents-agents.txt,656,0,"[""AGENTS.md"",""Authority"",""Editing Rules""]",[],[],[],[],0,,2026-06-10T02:34:32Z
SEMANTIC-MD-AGENTS-RESEARCH-CONTROL,.local/content_semantics/markdown/md-agents-research-control.txt,content_semantics,content_semantic_extract,generated_noncanonical,agents,c69587b4bd8447ee6a4dcb082a8e0d4b7a16cdb7b0fc18bff4dfcfef7f602891,MD-AGENTS-RESEARCH-CONTROL,MD-AGENTS-RESEARCH-CONTROL,,obsidian-wiki,PASS,2026-06-10T18:23:33Z,Generated deterministic content semantics for local agent retrieval.,MD-AGENTS-RESEARCH-CONTROL,MARKDOWN_SOURCE_REGISTRY.csv,markdown,PASS,c69587b4bd8447ee6a4dcb082a8e0d4b7a16cdb7b0fc18bff4dfcfef7f602891,.local/content_semantics/markdown/md-agents-research-control.txt,863,0,"[""AGENTS.md"",""Authority"",""Continuation Rule"",""Editing Rules""]",[],[],[],[],0,,2026-06-10T18:23:33Z
SEMANTIC-MD-HTML-SPEC-RESEARCH-CONTROL-SYSTEM-EXPLAINER,.local/content_semantics/markdown/md-html-spec-research-control-system-explainer.txt,content_semantics,content_semantic_extract,generated_noncanonical,agents,e3dd17749c379d79dc3b31f87d14c1149182b21c595cc4a455229b99c3a35576,MD-HTML-SPEC-RESEARCH-CONTROL-SYSTEM-EXPLAINER,MD-HTML-SPEC-RESEARCH-CONTROL-SYSTEM-EXPLAINER,,obsidian-wiki,PASS,2026-06-10T19:37:31Z,Generated deterministic content semantics for local agent retrieval.,MD-HTML-SPEC-RESEARCH-CONTROL-SYSTEM-EXPLAINER,MARKDOWN_SOURCE_REGISTRY.csv,markdown,PASS,e3dd17749c379d79dc3b31f87d14c1149182b21c595cc4a455229b99c3a35576,.local/content_semantics/markdown/md-html-spec-research-control-system-explainer.txt,2328,0,"[""Research-Control System Explainer Spec"",""Rendering Intent"",""Required Visual Structure"",""Non-Goals""]",[],[],[],[],0,,2026-06-10T19:37:31Z
SEMANTIC-MD-ONTOLOGY-AETHER-AND-AETHER-FLOW,.local/content_semantics/markdown/md-ontology-aether-and-aether-flow.txt,content_semantics,content_semantic_extract,generated_noncanonical,agents,b8e17df2354ab0fe3cae04e43940f787dd187dd67f0f40e978de080983ac6edc,MD-ONTOLOGY-AETHER-AND-AETHER-FLOW,MD-ONTOLOGY-AETHER-AND-AETHER-FLOW,,obsidian-wiki,PASS,2026-06-08T01:55:35Z,Generated deterministic content semantics for local agent retrieval.,MD-ONTOLOGY-AETHER-AND-AETHER-FLOW,MARKDOWN_SOURCE_REGISTRY.csv,markdown,PASS,b8e17df2354ab0fe3cae04e43940f787dd187dd67f0f40e978de080983ac6edc,.local/content_semantics/markdown/md-ontology-aether-and-aether-flow.txt,7208,0,"[""Æther and Æther-Flow"",""Æther and Æther-Flow"",""1. Ontological Core"",""2. Observed Space and `S-time`"",""3. Observed Expansion and Relativistic Phenomena"",""4. Gravity as Mass-Shaped Reorganization"",""5. Relation to the Active Theory Line"",""Conclusion""]",[],[],[],[],0,,2026-06-08T01:55:35Z
SEMANTIC-MD-PROJECT-CONTROL-GRILL-MEMORY-WIKI-REGISTRY-DESIGN-HANDOFF,.local/content_semantics/markdown/md-project-control-grill-memory-wiki-registry-design-handoff.txt,content_semantics,content_semantic_extract,generated_noncanonical,agents,4d012e7abc260a48746a27b33fccfff832d65fdde8c862111e5fd36d4a36bdb0,MD-PROJECT-CONTROL-GRILL-MEMORY-WIKI-REGISTRY-DESIGN-HANDOFF,MD-PROJECT-CONTROL-GRILL-MEMORY-WIKI-REGISTRY-DESIGN-HANDOFF,,obsidian-wiki,PASS,2026-06-08T01:55:35Z,Generated deterministic content semantics for local agent retrieval.,MD-PROJECT-CONTROL-GRILL-MEMORY-WIKI-REGISTRY-DESIGN-HANDOFF,MARKDOWN_SOURCE_REGISTRY.csv,markdown,PASS,4d012e7abc260a48746a27b33fccfff832d65fdde8c862111e5fd36d4a36bdb0,.local/content_semantics/markdown/md-project-control-grill-memory-wiki-registry-design-handoff.txt,23933,0,"[""Grill Handoff: Memory, Wiki, Registry, And File-Format System"",""How To Resume"",""Reference Basis"",""Accepted File-Format Authority"",""Accepted Tracking And Generation Rules"",""Accepted Root-Level Directory Contract"",""Accepted Ontology Model"",""Accepted Registry Architecture"",""Accepted Common Metadata Schema"",""Accepted Markdown Math And Diagrams"",""Accepted Initial Implementation Boundary"",""Accepted Decisions After Question 21"",""Implementation Checklist"",""Post-Implementation State"",""Pending Question To Ask Next"",""Discussion State"",""Registry Review and Derivative Verification Follow-up""]",[],[],[],[],2,,2026-06-08T01:55:35Z
SEMANTIC-MD-README,.local/content_semantics/markdown/md-readme.txt,content_semantics,content_semantic_extract,generated_noncanonical,agents,fe53586b9095b8a5f50d91e794c5c9fabd3fbf0e1d4145ddb2c5007a6162979c,MD-README,MD-README,,obsidian-wiki,PASS,2026-06-10T19:37:31Z,Generated deterministic content semantics for local agent retrieval.,MD-README,MARKDOWN_SOURCE_REGISTRY.csv,markdown,PASS,fe53586b9095b8a5f50d91e794c5c9fabd3fbf0e1d4145ddb2c5007a6162979c,.local/content_semantics/markdown/md-readme.txt,17788,0,"[""The Æther-Flow Interpretation of Relativity Research Project"",""The Research Program"",""The Two Tracks"",""Physics track"",""AI research-agent track"",""How they co-develop"",""This repo"",""The Æther Flow Ontology"",""The research-agent system"",""Requirements"",""Python environment"",""Memory, wiki, and registry system"",""Research-control workflow"",""Project-system improvement workflow"",""Project map""]","[""/Volumes/P-SSD/AngryOwl/The Æther GR Derivation/""]",[],[],[],0,,2026-06-10T19:37:31Z
SEMANTIC-MD-README-RESEARCH-CONTROL,.local/content_semantics/markdown/md-readme-research-control.txt,content_semantics,content_semantic_extract,generated_noncanonical,agents,0f2139bee392a04812149ee4c79a3b438e0814570cca84241160c9ed82c20933,MD-README-RESEARCH-CONTROL,MD-README-RESEARCH-CONTROL,,obsidian-wiki,PASS,2026-06-10T19:37:31Z,Generated deterministic content semantics for local agent retrieval.,MD-README-RESEARCH-CONTROL,MARKDOWN_SOURCE_REGISTRY.csv,markdown,PASS,0f2139bee392a04812149ee4c79a3b438e0814570cca84241160c9ed82c20933,.local/content_semantics/markdown/md-readme-research-control.txt,6371,0,"[""Research Control"",""Authority Model"",""One-Job Rule"",""Local Cache Boundary"",""Validation"",""Documentation Impact""]",[],[],[],[],0,,2026-06-10T19:37:31Z
SEMANTIC-MD-README-RESEARCH-CONTROL-APPROVALS,.local/content_semantics/markdown/md-readme-research-control-approvals.txt,content_semantics,content_semantic_extract,generated_noncanonical,agents,aea32130ed70d3eedd75d651d5015968450b3cb375324bb3732c25958d227722,MD-README-RESEARCH-CONTROL-APPROVALS,MD-README-RESEARCH-CONTROL-APPROVALS,,obsidian-wiki,PASS,2026-06-10T02:34:32Z,Generated deterministic content semantics for local agent retrieval.,MD-README-RESEARCH-CONTROL-APPROVALS,MARKDOWN_SOURCE_REGISTRY.csv,markdown,PASS,aea32130ed70d3eedd75d651d5015968450b3cb375324bb3732c25958d227722,.local/content_semantics/markdown/md-readme-research-control-approvals.txt,256,0,"[""Approvals""]",[],[],[],[],0,,2026-06-10T02:34:32Z
SEMANTIC-MD-RESEARCH-CONTROL-DESIGN-DIRECTOR-LED-AGENT-ARCHITECTURE-GRILL-DECISIONS,.local/content_semantics/markdown/md-research-control-design-director-led-agent-architecture-grill-decisions.txt,content_semantics,content_semantic_extract,generated_noncanonical,agents,2a776e672d0246cdad5dbed03711f54e8a8e2bbbfeb8b4b0960950a7117f53af,MD-RESEARCH-CONTROL-DESIGN-DIRECTOR-LED-AGENT-ARCHITECTURE-GRILL-DECISIONS,MD-RESEARCH-CONTROL-DESIGN-DIRECTOR-LED-AGENT-ARCHITECTURE-GRILL-DECISIONS,,obsidian-wiki,PASS,2026-06-10T02:34:32Z,Generated deterministic content semantics for local agent retrieval.,MD-RESEARCH-CONTROL-DESIGN-DIRECTOR-LED-AGENT-ARCHITECTURE-GRILL-DECISIONS,MARKDOWN_SOURCE_REGISTRY.csv,markdown,PASS,2a776e672d0246cdad5dbed03711f54e8a8e2bbbfeb8b4b0960950a7117f53af,.local/content_semantics/markdown/md-research-control-design-director-led-agent-architecture-grill-decisions.txt,4089,0,"[""Director-Led AgentJob Control Spine Grill Decisions"",""Purpose"",""Architecture"",""Artifact Layout"",""Execution Policy"",""Role Policy"",""Validation Policy"",""Claim Boundary"",""Next Research Step"",""Engineering Traceability"",""References""]",[],[],[],[],0,,2026-06-10T02:34:32Z
SEMANTIC-MD-ROLE-AGENTS-ROLES-PHYSICS-CANDIDATE-CONSTRUCTOR-V0-1-0-MD,.local/content_semantics/markdown/md-role-agents-roles-physics-candidate-constructor-v0-1-0-md.txt,content_semantics,content_semantic_extract,generated_noncanonical,agents,93ae4020e24bab6c93d26cd65561d0e91772560b8dd1942c48c67a9548784572,MD-ROLE-AGENTS-ROLES-PHYSICS-CANDIDATE-CONSTRUCTOR-V0-1-0-MD,MD-ROLE-AGENTS-ROLES-PHYSICS-CANDIDATE-CONSTRUCTOR-V0-1-0-MD,,obsidian-wiki,PASS,2026-06-10T02:34:32Z,Generated deterministic content semantics for local agent retrieval.,MD-ROLE-AGENTS-ROLES-PHYSICS-CANDIDATE-CONSTRUCTOR-V0-1-0-MD,MARKDOWN_SOURCE_REGISTRY.csv,markdown,PASS,93ae4020e24bab6c93d26cd65561d0e91772560b8dd1942c48c67a9548784572,.local/content_semantics/markdown/md-role-agents-roles-physics-candidate-constructor-v0-1-0-md.txt,914,0,"[""Candidate Constructor"",""Mission"",""Boundaries""]",[],[],[],[],0,,2026-06-10T02:34:32Z
SEMANTIC-MD-ROLE-AGENTS-ROLES-PHYSICS-GATE-CHAIR-V0-1-0-MD,.local/content_semantics/markdown/md-role-agents-roles-physics-gate-chair-v0-1-0-md.txt,content_semantics,content_semantic_extract,generated_noncanonical,agents,1da0c89d58b9459cefcd5e428723d862f5bed8548ed0adf47b1c27c46d91b680,MD-ROLE-AGENTS-ROLES-PHYSICS-GATE-CHAIR-V0-1-0-MD,MD-ROLE-AGENTS-ROLES-PHYSICS-GATE-CHAIR-V0-1-0-MD,,obsidian-wiki,PASS,2026-06-10T02:34:32Z,Generated deterministic content semantics for local agent retrieval.,MD-ROLE-AGENTS-ROLES-PHYSICS-GATE-CHAIR-V0-1-0-MD,MARKDOWN_SOURCE_REGISTRY.csv,markdown,PASS,1da0c89d58b9459cefcd5e428723d862f5bed8548ed0adf47b1c27c46d91b680,.local/content_semantics/markdown/md-role-agents-roles-physics-gate-chair-v0-1-0-md.txt,824,0,"[""Gate Chair"",""Mission"",""Boundaries""]",[],[],[],[],0,,2026-06-10T02:34:32Z
SEMANTIC-MD-ROLE-AGENTS-ROLES-PHYSICS-ONTOLOGY-FORMALIZER-V0-1-0-MD,.local/content_semantics/markdown/md-role-agents-roles-physics-ontology-formalizer-v0-1-0-md.txt,content_semantics,content_semantic_extract,generated_noncanonical,agents,3403ff4dc196aa341b4b5e3fcfe289543bf37e8155c466063763e3549312dcef,MD-ROLE-AGENTS-ROLES-PHYSICS-ONTOLOGY-FORMALIZER-V0-1-0-MD,MD-ROLE-AGENTS-ROLES-PHYSICS-ONTOLOGY-FORMALIZER-V0-1-0-MD,,obsidian-wiki,PASS,2026-06-10T02:34:32Z,Generated deterministic content semantics for local agent retrieval.,MD-ROLE-AGENTS-ROLES-PHYSICS-ONTOLOGY-FORMALIZER-V0-1-0-MD,MARKDOWN_SOURCE_REGISTRY.csv,markdown,PASS,3403ff4dc196aa341b4b5e3fcfe289543bf37e8155c466063763e3549312dcef,.local/content_semantics/markdown/md-role-agents-roles-physics-ontology-formalizer-v0-1-0-md.txt,856,0,"[""Ontology Formalizer"",""Mission"",""Boundaries""]",[],[],[],[],0,,2026-06-10T02:34:32Z
SEMANTIC-MD-ROLE-AGENTS-ROLES-PHYSICS-REFUTER-V0-1-0-MD,.local/content_semantics/markdown/md-role-agents-roles-physics-refuter-v0-1-0-md.txt,content_semantics,content_semantic_extract,generated_noncanonical,agents,d67870daa90c66779a5c33b82f745a3d71099ba6a1ed45063b0e02cd6dfff854,MD-ROLE-AGENTS-ROLES-PHYSICS-REFUTER-V0-1-0-MD,MD-ROLE-AGENTS-ROLES-PHYSICS-REFUTER-V0-1-0-MD,,obsidian-wiki,PASS,2026-06-10T02:34:32Z,Generated deterministic content semantics for local agent retrieval.,MD-ROLE-AGENTS-ROLES-PHYSICS-REFUTER-V0-1-0-MD,MARKDOWN_SOURCE_REGISTRY.csv,markdown,PASS,d67870daa90c66779a5c33b82f745a3d71099ba6a1ed45063b0e02cd6dfff854,.local/content_semantics/markdown/md-role-agents-roles-physics-refuter-v0-1-0-md.txt,856,0,"[""Refuter"",""Mission"",""Boundaries""]",[],[],[],[],0,,2026-06-10T02:34:32Z
SEMANTIC-MD-ROLE-AGENTS-ROLES-PHYSICS-SMUGGLING-AUDITOR-V0-1-0-MD,.local/content_semantics/markdown/md-role-agents-roles-physics-smuggling-auditor-v0-1-0-md.txt,content_semantics,content_semantic_extract,generated_noncanonical,agents,ee7b02f6afbb419f6b22173b8f15c80b5f95ab2d728cbbc1f1f02b5e409b5cfd,MD-ROLE-AGENTS-ROLES-PHYSICS-SMUGGLING-AUDITOR-V0-1-0-MD,MD-ROLE-AGENTS-ROLES-PHYSICS-SMUGGLING-AUDITOR-V0-1-0-MD,,obsidian-wiki,PASS,2026-06-10T02:34:32Z,Generated deterministic content semantics for local agent retrieval.,MD-ROLE-AGENTS-ROLES-PHYSICS-SMUGGLING-AUDITOR-V0-1-0-MD,MARKDOWN_SOURCE_REGISTRY.csv,markdown,PASS,ee7b02f6afbb419f6b22173b8f15c80b5f95ab2d728cbbc1f1f02b5e409b5cfd,.local/content_semantics/markdown/md-role-agents-roles-physics-smuggling-auditor-v0-1-0-md.txt,826,0,"[""Smuggling Auditor"",""Mission"",""Boundaries""]",[],[],[],[],0,,2026-06-10T02:34:32Z
SEMANTIC-MD-ROLE-AGENTS-ROLES-RESEARCH-OPS-DIRECTOR-OF-RESEARCH-V0-1-0-MD,.local/content_semantics/markdown/md-role-agents-roles-research-ops-director-of-research-v0-1-0-md.txt,content_semantics,content_semantic_extract,generated_noncanonical,agents,a0b14933473b0e0f8cd0fd8fd2b24fbff9634f5f52279053d2c307e4d6bc42ea,MD-ROLE-AGENTS-ROLES-RESEARCH-OPS-DIRECTOR-OF-RESEARCH-V0-1-0-MD,MD-ROLE-AGENTS-ROLES-RESEARCH-OPS-DIRECTOR-OF-RESEARCH-V0-1-0-MD,,obsidian-wiki,PASS,2026-06-10T17:45:28Z,Generated deterministic content semantics for local agent retrieval.,MD-ROLE-AGENTS-ROLES-RESEARCH-OPS-DIRECTOR-OF-RESEARCH-V0-1-0-MD,MARKDOWN_SOURCE_REGISTRY.csv,markdown,PASS,a0b14933473b0e0f8cd0fd8fd2b24fbff9634f5f52279053d2c307e4d6bc42ea,.local/content_semantics/markdown/md-role-agents-roles-research-ops-director-of-research-v0-1-0-md.txt,2104,0,"[""Director of Research"",""Mission"",""Authority"",""Non-Authority"",""Stop Conditions""]",[],[],[],[],0,,2026-06-10T17:45:28Z
SEMANTIC-MD-ROLE-AGENTS-ROLES-RESEARCH-OPS-DOCUMENTATION-CURATOR-V0-1-0-MD,.local/content_semantics/markdown/md-role-agents-roles-research-ops-documentation-curator-v0-1-0-md.txt,content_semantics,content_semantic_extract,generated_noncanonical,agents,41e0a2d5207d9ea760898d5db234e84bc346e86b9a86a321955fee00a6e1097c,MD-ROLE-AGENTS-ROLES-RESEARCH-OPS-DOCUMENTATION-CURATOR-V0-1-0-MD,MD-ROLE-AGENTS-ROLES-RESEARCH-OPS-DOCUMENTATION-CURATOR-V0-1-0-MD,,obsidian-wiki,PASS,2026-06-10T19:37:31Z,Generated deterministic content semantics for local agent retrieval.,MD-ROLE-AGENTS-ROLES-RESEARCH-OPS-DOCUMENTATION-CURATOR-V0-1-0-MD,MARKDOWN_SOURCE_REGISTRY.csv,markdown,PASS,41e0a2d5207d9ea760898d5db234e84bc346e86b9a86a321955fee00a6e1097c,.local/content_semantics/markdown/md-role-agents-roles-research-ops-documentation-curator-v0-1-0-md.txt,2187,0,"[""Documentation Curator v0.1.0"",""Mission"",""Authority"",""Boundaries"",""Stop Conditions""]",[],[],[],[],0,,2026-06-10T19:37:31Z
SEMANTIC-MD-ROLE-AGENTS-ROLES-RESEARCH-OPS-DOCUMENTATION-CURATOR-V0-2-0-MD,.local/content_semantics/markdown/md-role-agents-roles-research-ops-documentation-curator-v0-2-0-md.txt,content_semantics,content_semantic_extract,generated_noncanonical,agents,628acec7a07c16d9c17d6f4a95c42a0593d6a48da4ab9dcb1f8f8d77343231dc,MD-ROLE-AGENTS-ROLES-RESEARCH-OPS-DOCUMENTATION-CURATOR-V0-2-0-MD,MD-ROLE-AGENTS-ROLES-RESEARCH-OPS-DOCUMENTATION-CURATOR-V0-2-0-MD,,obsidian-wiki,PASS,2026-06-10T19:37:31Z,Generated deterministic content semantics for local agent retrieval.,MD-ROLE-AGENTS-ROLES-RESEARCH-OPS-DOCUMENTATION-CURATOR-V0-2-0-MD,MARKDOWN_SOURCE_REGISTRY.csv,markdown,PASS,628acec7a07c16d9c17d6f4a95c42a0593d6a48da4ab9dcb1f8f8d77343231dc,.local/content_semantics/markdown/md-role-agents-roles-research-ops-documentation-curator-v0-2-0-md.txt,2986,0,"[""Documentation Curator v0.2.0"",""Mission"",""Authority"",""Source-Backed HTML Contract"",""Boundaries"",""Stop Conditions""]",[],[],[],[],0,,2026-06-10T19:37:31Z
SEMANTIC-MD-ROLE-AGENTS-ROLES-RESEARCH-OPS-MEMORY-SYSTEM-MAINTAINER-V0-1-0-MD,.local/content_semantics/markdown/md-role-agents-roles-research-ops-memory-system-maintainer-v0-1-0-md.txt,content_semantics,content_semantic_extract,generated_noncanonical,agents,0ec40aa61444ef33b1fc375c772df6df2139b0d46ae33ff085a2b5a886712267,MD-ROLE-AGENTS-ROLES-RESEARCH-OPS-MEMORY-SYSTEM-MAINTAINER-V0-1-0-MD,MD-ROLE-AGENTS-ROLES-RESEARCH-OPS-MEMORY-SYSTEM-MAINTAINER-V0-1-0-MD,,obsidian-wiki,PASS,2026-06-10T02:34:32Z,Generated deterministic content semantics for local agent retrieval.,MD-ROLE-AGENTS-ROLES-RESEARCH-OPS-MEMORY-SYSTEM-MAINTAINER-V0-1-0-MD,MARKDOWN_SOURCE_REGISTRY.csv,markdown,PASS,0ec40aa61444ef33b1fc375c772df6df2139b0d46ae33ff085a2b5a886712267,.local/content_semantics/markdown/md-role-agents-roles-research-ops-memory-system-maintainer-v0-1-0-md.txt,1313,0,"[""Memory-System Maintainer"",""Mission"",""Authority"",""Boundaries""]",[],[],[],[],0,,2026-06-10T02:34:32Z
SEMANTIC-MD-ROLE-AGENTS-ROLES-RESEARCH-OPS-PROCESS-INTEGRITY-AUDITOR-V0-1-0-MD,.local/content_semantics/markdown/md-role-agents-roles-research-ops-process-integrity-auditor-v0-1-0-md.txt,content_semantics,content_semantic_extract,generated_noncanonical,agents,5e54f60d6a3064006e0a6ec73719475f191f21c975b9b2292498abb1dcc83db4,MD-ROLE-AGENTS-ROLES-RESEARCH-OPS-PROCESS-INTEGRITY-AUDITOR-V0-1-0-MD,MD-ROLE-AGENTS-ROLES-RESEARCH-OPS-PROCESS-INTEGRITY-AUDITOR-V0-1-0-MD,,obsidian-wiki,PASS,2026-06-10T02:34:32Z,Generated deterministic content semantics for local agent retrieval.,MD-ROLE-AGENTS-ROLES-RESEARCH-OPS-PROCESS-INTEGRITY-AUDITOR-V0-1-0-MD,MARKDOWN_SOURCE_REGISTRY.csv,markdown,PASS,5e54f60d6a3064006e0a6ec73719475f191f21c975b9b2292498abb1dcc83db4,.local/content_semantics/markdown/md-role-agents-roles-research-ops-process-integrity-auditor-v0-1-0-md.txt,1019,0,"[""Process Integrity Auditor"",""Mission"",""Boundaries""]",[],[],[],[],0,,2026-06-10T02:34:32Z
SEMANTIC-MD-ROLE-AGENTS-ROLES-RESEARCH-OPS-PROJECT-CONTROL-MAINTAINER-V0-1-0-MD,.local/content_semantics/markdown/md-role-agents-roles-research-ops-project-control-maintainer-v0-1-0-md.txt,content_semantics,content_semantic_extract,generated_noncanonical,agents,4d31cdcdf991dc2f503b3f8cc1c4abbbf4389ab1fd6dcd048396b8e85039665e,MD-ROLE-AGENTS-ROLES-RESEARCH-OPS-PROJECT-CONTROL-MAINTAINER-V0-1-0-MD,MD-ROLE-AGENTS-ROLES-RESEARCH-OPS-PROJECT-CONTROL-MAINTAINER-V0-1-0-MD,,obsidian-wiki,PASS,2026-06-10T18:23:33Z,Generated deterministic content semantics for local agent retrieval.,MD-ROLE-AGENTS-ROLES-RESEARCH-OPS-PROJECT-CONTROL-MAINTAINER-V0-1-0-MD,MARKDOWN_SOURCE_REGISTRY.csv,markdown,PASS,4d31cdcdf991dc2f503b3f8cc1c4abbbf4389ab1fd6dcd048396b8e85039665e,.local/content_semantics/markdown/md-role-agents-roles-research-ops-project-control-maintainer-v0-1-0-md.txt,2056,0,"[""Project-Control Maintainer"",""Mission"",""Authority"",""Boundaries"",""Stop Conditions""]",[],[],[],[],0,,2026-06-10T18:23:33Z
SEMANTIC-MD-ROLE-AGENTS-ROLES-RESEARCH-OPS-PROJECT-SYSTEM-DIRECTOR-V0-1-0-MD,.local/content_semantics/markdown/md-role-agents-roles-research-ops-project-system-director-v0-1-0-md.txt,content_semantics,content_semantic_extract,generated_noncanonical,agents,38e37c63637c81ddaabe7fcba760efea348665b2d4534e46961d7ba2c7a32972,MD-ROLE-AGENTS-ROLES-RESEARCH-OPS-PROJECT-SYSTEM-DIRECTOR-V0-1-0-MD,MD-ROLE-AGENTS-ROLES-RESEARCH-OPS-PROJECT-SYSTEM-DIRECTOR-V0-1-0-MD,,obsidian-wiki,PASS,2026-06-10T02:34:32Z,Generated deterministic content semantics for local agent retrieval.,MD-ROLE-AGENTS-ROLES-RESEARCH-OPS-PROJECT-SYSTEM-DIRECTOR-V0-1-0-MD,MARKDOWN_SOURCE_REGISTRY.csv,markdown,PASS,38e37c63637c81ddaabe7fcba760efea348665b2d4534e46961d7ba2c7a32972,.local/content_semantics/markdown/md-role-agents-roles-research-ops-project-system-director-v0-1-0-md.txt,1336,0,"[""Project-System Director"",""Mission"",""Authority"",""Boundaries""]",[],[],[],[],0,,2026-06-10T02:34:32Z
SEMANTIC-MD-ROLE-AGENTS-ROLES-RESEARCH-OPS-VALIDATOR-ENGINEER-V0-1-0-MD,.local/content_semantics/markdown/md-role-agents-roles-research-ops-validator-engineer-v0-1-0-md.txt,content_semantics,content_semantic_extract,generated_noncanonical,agents,bcc23bae02e78fcafabffb8d5fe1afca48a591edc56c0bc05b868b9d9e400c77,MD-ROLE-AGENTS-ROLES-RESEARCH-OPS-VALIDATOR-ENGINEER-V0-1-0-MD,MD-ROLE-AGENTS-ROLES-RESEARCH-OPS-VALIDATOR-ENGINEER-V0-1-0-MD,,obsidian-wiki,PASS,2026-06-10T02:34:32Z,Generated deterministic content semantics for local agent retrieval.,MD-ROLE-AGENTS-ROLES-RESEARCH-OPS-VALIDATOR-ENGINEER-V0-1-0-MD,MARKDOWN_SOURCE_REGISTRY.csv,markdown,PASS,bcc23bae02e78fcafabffb8d5fe1afca48a591edc56c0bc05b868b9d9e400c77,.local/content_semantics/markdown/md-role-agents-roles-research-ops-validator-engineer-v0-1-0-md.txt,1182,0,"[""Validator Engineer"",""Mission"",""Authority"",""Boundaries""]",[],[],[],[],0,,2026-06-10T02:34:32Z
SEMANTIC-MD-SCHEMA-AGENT-JOB-SCHEMA,.local/content_semantics/markdown/md-schema-agent-job-schema.txt,content_semantics,content_semantic_extract,generated_noncanonical,agents,76acbed9cfe50a2475f794e8fccf6f1ae01704b59a742c87f93a93c47ef4c527,MD-SCHEMA-AGENT-JOB-SCHEMA,MD-SCHEMA-AGENT-JOB-SCHEMA,,obsidian-wiki,PASS,2026-06-10T05:23:00Z,Generated deterministic content semantics for local agent retrieval.,MD-SCHEMA-AGENT-JOB-SCHEMA,MARKDOWN_SOURCE_REGISTRY.csv,markdown,PASS,76acbed9cfe50a2475f794e8fccf6f1ae01704b59a742c87f93a93c47ef4c527,.local/content_semantics/markdown/md-schema-agent-job-schema.txt,2002,0,"[""AgentJob Schema"",""Required Fields"",""Optional Fields""]",[],[],[],[],0,,2026-06-10T05:23:00Z
SEMANTIC-MD-SCHEMA-DIRECTOR-DECISION-SCHEMA,.local/content_semantics/markdown/md-schema-director-decision-schema.txt,content_semantics,content_semantic_extract,generated_noncanonical,agents,8163f5dbe8e231dc61f1d78032edc972f61c286ce5bf417031937e56e9849a17,MD-SCHEMA-DIRECTOR-DECISION-SCHEMA,MD-SCHEMA-DIRECTOR-DECISION-SCHEMA,,obsidian-wiki,PASS,2026-06-10T02:34:32Z,Generated deterministic content semantics for local agent retrieval.,MD-SCHEMA-DIRECTOR-DECISION-SCHEMA,MARKDOWN_SOURCE_REGISTRY.csv,markdown,PASS,8163f5dbe8e231dc61f1d78032edc972f61c286ce5bf417031937e56e9849a17,.local/content_semantics/markdown/md-schema-director-decision-schema.txt,757,0,"[""Director Decision Schema"",""Required Frontmatter Fields"",""Required Body Sections""]",[],[],[],[],0,,2026-06-10T02:34:32Z
SEMANTIC-MD-SCHEMA-DOCUMENTATION-IMPACT-SCHEMA,.local/content_semantics/markdown/md-schema-documentation-impact-schema.txt,content_semantics,content_semantic_extract,generated_noncanonical,agents,cedfc214d015b2bfb6647be62c375533d9f96bd731230013069f2854be5ec5e9,MD-SCHEMA-DOCUMENTATION-IMPACT-SCHEMA,MD-SCHEMA-DOCUMENTATION-IMPACT-SCHEMA,,obsidian-wiki,PASS,2026-06-10T02:34:32Z,Generated deterministic content semantics for local agent retrieval.,MD-SCHEMA-DOCUMENTATION-IMPACT-SCHEMA,MARKDOWN_SOURCE_REGISTRY.csv,markdown,PASS,cedfc214d015b2bfb6647be62c375533d9f96bd731230013069f2854be5ec5e9,.local/content_semantics/markdown/md-schema-documentation-impact-schema.txt,1111,0,"[""Documentation Impact Schema"",""Required Fields"",""Rules""]",[],[],[],[],0,,2026-06-10T02:34:32Z
SEMANTIC-MD-SCHEMA-EXECUTION-ROLE-SCHEMA,.local/content_semantics/markdown/md-schema-execution-role-schema.txt,content_semantics,content_semantic_extract,generated_noncanonical,agents,89f358d8263dead21d99999d183a0d18cdd96cc62e66ee0e4125a21f418244e1,MD-SCHEMA-EXECUTION-ROLE-SCHEMA,MD-SCHEMA-EXECUTION-ROLE-SCHEMA,,obsidian-wiki,PASS,2026-06-10T17:45:28Z,Generated deterministic content semantics for local agent retrieval.,MD-SCHEMA-EXECUTION-ROLE-SCHEMA,MARKDOWN_SOURCE_REGISTRY.csv,markdown,PASS,89f358d8263dead21d99999d183a0d18cdd96cc62e66ee0e4125a21f418244e1,.local/content_semantics/markdown/md-schema-execution-role-schema.txt,3077,0,"[""Execution Role Schema"",""Required Fields"",""Role Execution Kinds"",""Shared Fields"",""Overlay Fields"",""Provisional Role Fields"",""Registered Role Fields""]",[],[],[],[],0,,2026-06-10T17:45:28Z
SEMANTIC-MD-SCHEMA-ROLE-SCHEMA,.local/content_semantics/markdown/md-schema-role-schema.txt,content_semantics,content_semantic_extract,generated_noncanonical,agents,adfe47c287d9e67e0b6c864b8534ae48fb6d3cbb950c4f61d938badccd9d31f6,MD-SCHEMA-ROLE-SCHEMA,MD-SCHEMA-ROLE-SCHEMA,,obsidian-wiki,PASS,2026-06-10T19:37:31Z,Generated deterministic content semantics for local agent retrieval.,MD-SCHEMA-ROLE-SCHEMA,MARKDOWN_SOURCE_REGISTRY.csv,markdown,PASS,adfe47c287d9e67e0b6c864b8534ae48fb6d3cbb950c4f61d938badccd9d31f6,.local/content_semantics/markdown/md-schema-role-schema.txt,1452,0,"[""Role Schema"",""Required Frontmatter Fields"",""Rules""]",[],[],[],[],0,,2026-06-10T19:37:31Z
SEMANTIC-MD-SKILL-CONTINUE-RESEARCH,.local/content_semantics/markdown/md-skill-continue-research.txt,content_semantics,content_semantic_extract,generated_noncanonical,agents,43acc28efdabc61465f41f054a2b61cf71d139d183920cb783bc90197ab0af22,MD-SKILL-CONTINUE-RESEARCH,MD-SKILL-CONTINUE-RESEARCH,,obsidian-wiki,PASS,2026-06-10T17:45:28Z,Generated deterministic content semantics for local agent retrieval.,MD-SKILL-CONTINUE-RESEARCH,MARKDOWN_SOURCE_REGISTRY.csv,markdown,PASS,43acc28efdabc61465f41f054a2b61cf71d139d183920cb783bc90197ab0af22,.local/content_semantics/markdown/md-skill-continue-research.txt,6297,0,"[""Continue Research"",""Control Principle"",""Workflow"",""Checkpoint Boundaries"",""Reporting""]",[],[],[],[],0,,2026-06-10T17:45:28Z
SEMANTIC-MD-SKILL-GRILL-ME,.local/content_semantics/markdown/md-skill-grill-me.txt,content_semantics,content_semantic_extract,generated_noncanonical,agents,74147eb6010a65957efef2b9e0f0b3ff935c1def7fc117697151b1d0f3610556,MD-SKILL-GRILL-ME,MD-SKILL-GRILL-ME,,obsidian-wiki,PASS,2026-06-10T02:34:32Z,Generated deterministic content semantics for local agent retrieval.,MD-SKILL-GRILL-ME,MARKDOWN_SOURCE_REGISTRY.csv,markdown,PASS,74147eb6010a65957efef2b9e0f0b3ff935c1def7fc117697151b1d0f3610556,.local/content_semantics/markdown/md-skill-grill-me.txt,635,0,[],[],[],[],[],0,,2026-06-10T02:34:32Z
SEMANTIC-MD-SKILL-HTML-VISUAL-EXPLAINER,.local/content_semantics/markdown/md-skill-html-visual-explainer.txt,content_semantics,content_semantic_extract,generated_noncanonical,agents,33267d7eb5a4e5c003745393533b8765135559e53676088760c9e22425a9f063,MD-SKILL-HTML-VISUAL-EXPLAINER,MD-SKILL-HTML-VISUAL-EXPLAINER,,obsidian-wiki,PASS,2026-06-10T19:37:31Z,Generated deterministic content semantics for local agent retrieval.,MD-SKILL-HTML-VISUAL-EXPLAINER,MARKDOWN_SOURCE_REGISTRY.csv,markdown,PASS,33267d7eb5a4e5c003745393533b8765135559e53676088760c9e22425a9f063,.local/content_semantics/markdown/md-skill-html-visual-explainer.txt,1154,0,"[""HTML Visual Explainer""]",[],[],[],[],0,,2026-06-10T19:37:31Z
SEMANTIC-MD-SKILL-IMPROVE-PROJECT-SYSTEM,.local/content_semantics/markdown/md-skill-improve-project-system.txt,content_semantics,content_semantic_extract,generated_noncanonical,agents,1cacdb5a5c99937321874741e525a65472b5e4549a08c97e8cff6051c130225c,MD-SKILL-IMPROVE-PROJECT-SYSTEM,MD-SKILL-IMPROVE-PROJECT-SYSTEM,,obsidian-wiki,PASS,2026-06-10T18:23:33Z,Generated deterministic content semantics for local agent retrieval.,MD-SKILL-IMPROVE-PROJECT-SYSTEM,MARKDOWN_SOURCE_REGISTRY.csv,markdown,PASS,1cacdb5a5c99937321874741e525a65472b5e4549a08c97e8cff6051c130225c,.local/content_semantics/markdown/md-skill-improve-project-system.txt,8031,0,"[""Improve Project System"",""Control Principle"",""Workflow"",""Stop Conditions""]",[],[],[],[],0,,2026-06-10T18:23:33Z
SEMANTIC-MD-SKILL-MARKDOWN-WIKI,.local/content_semantics/markdown/md-skill-markdown-wiki.txt,content_semantics,content_semantic_extract,generated_noncanonical,agents,9e407dca9b4657c18b9edd38be0181f5bf6c98336a763c74172c74439076683c,MD-SKILL-MARKDOWN-WIKI,MD-SKILL-MARKDOWN-WIKI,,obsidian-wiki,PASS,2026-06-10T02:34:32Z,Generated deterministic content semantics for local agent retrieval.,MD-SKILL-MARKDOWN-WIKI,MARKDOWN_SOURCE_REGISTRY.csv,markdown,PASS,9e407dca9b4657c18b9edd38be0181f5bf6c98336a763c74172c74439076683c,.local/content_semantics/markdown/md-skill-markdown-wiki.txt,456,0,"[""Markdown Wiki""]",[],[],[],[],0,,2026-06-10T02:34:32Z
SEMANTIC-MD-SKILL-OBSIDIAN-WIKI,.local/content_semantics/markdown/md-skill-obsidian-wiki.txt,content_semantics,content_semantic_extract,generated_noncanonical,agents,c38ca75812a57a3f71e4274ee38cbacd7854775f8a09ae7592addeb9cd0f4fe3,MD-SKILL-OBSIDIAN-WIKI,MD-SKILL-OBSIDIAN-WIKI,,obsidian-wiki,PASS,2026-06-10T02:34:32Z,Generated deterministic content semantics for local agent retrieval.,MD-SKILL-OBSIDIAN-WIKI,MARKDOWN_SOURCE_REGISTRY.csv,markdown,PASS,c38ca75812a57a3f71e4274ee38cbacd7854775f8a09ae7592addeb9cd0f4fe3,.local/content_semantics/markdown/md-skill-obsidian-wiki.txt,1473,0,"[""Obsidian Wiki"",""Commands""]",[],[],[],[],0,,2026-06-10T02:34:32Z
SEMANTIC-MD-SKILL-ONTOLOGY-PROMOTION,.local/content_semantics/markdown/md-skill-ontology-promotion.txt,content_semantics,content_semantic_extract,generated_noncanonical,agents,e9d7455fba3553e6e27b971a2602dbfed287528e200dd733ea9eb8e0a9882e73,MD-SKILL-ONTOLOGY-PROMOTION,MD-SKILL-ONTOLOGY-PROMOTION,,obsidian-wiki,PASS,2026-06-10T02:34:32Z,Generated deterministic content semantics for local agent retrieval.,MD-SKILL-ONTOLOGY-PROMOTION,MARKDOWN_SOURCE_REGISTRY.csv,markdown,PASS,e9d7455fba3553e6e27b971a2602dbfed287528e200dd733ea9eb8e0a9882e73,.local/content_semantics/markdown/md-skill-ontology-promotion.txt,663,0,"[""Ontology Promotion""]",[],[],[],[],0,,2026-06-10T02:34:32Z
SEMANTIC-MD-SKILL-PDF-DERIVATIVE-BUILD,.local/content_semantics/markdown/md-skill-pdf-derivative-build.txt,content_semantics,content_semantic_extract,generated_noncanonical,agents,983bc0fe63bed2c3f15d62e8c25d56397d6dd322a8d0c5406817aca7b14bb2d4,MD-SKILL-PDF-DERIVATIVE-BUILD,MD-SKILL-PDF-DERIVATIVE-BUILD,,obsidian-wiki,PASS,2026-06-10T02:34:32Z,Generated deterministic content semantics for local agent retrieval.,MD-SKILL-PDF-DERIVATIVE-BUILD,MARKDOWN_SOURCE_REGISTRY.csv,markdown,PASS,983bc0fe63bed2c3f15d62e8c25d56397d6dd322a8d0c5406817aca7b14bb2d4,.local/content_semantics/markdown/md-skill-pdf-derivative-build.txt,556,0,"[""PDF Derivative Build""]",[],[],[],[],0,,2026-06-10T02:34:32Z
SEMANTIC-MD-SKILL-PROJECT-MEMORY-SYSTEM,.local/content_semantics/markdown/md-skill-project-memory-system.txt,content_semantics,content_semantic_extract,generated_noncanonical,agents,0092bc07f5ecf1714a2ae3dfba2567d29c64876ea9cfa4948de5004977b6164f,MD-SKILL-PROJECT-MEMORY-SYSTEM,MD-SKILL-PROJECT-MEMORY-SYSTEM,,obsidian-wiki,PASS,2026-06-10T02:34:32Z,Generated deterministic content semantics for local agent retrieval.,MD-SKILL-PROJECT-MEMORY-SYSTEM,MARKDOWN_SOURCE_REGISTRY.csv,markdown,PASS,0092bc07f5ecf1714a2ae3dfba2567d29c64876ea9cfa4948de5004977b6164f,.local/content_semantics/markdown/md-skill-project-memory-system.txt,1413,0,"[""Project Memory System"",""Authority"",""Commands""]",[],[],[],[],0,,2026-06-10T02:34:32Z
SEMANTIC-MD-SKILL-TEX-WIKI,.local/content_semantics/markdown/md-skill-tex-wiki.txt,content_semantics,content_semantic_extract,generated_noncanonical,agents,00070187a46d9dfdd617746603e21fcff2e20484d6be327b13d37ec6fb52ccda,MD-SKILL-TEX-WIKI,MD-SKILL-TEX-WIKI,,obsidian-wiki,PASS,2026-06-10T02:34:32Z,Generated deterministic content semantics for local agent retrieval.,MD-SKILL-TEX-WIKI,MARKDOWN_SOURCE_REGISTRY.csv,markdown,PASS,00070187a46d9dfdd617746603e21fcff2e20484d6be327b13d37ec6fb52ccda,.local/content_semantics/markdown/md-skill-tex-wiki.txt,437,0,"[""TeX Wiki""]",[],[],[],[],0,,2026-06-10T02:34:32Z
SEMANTIC-MD-SKILL-VISUAL-EXPLAINER,.local/content_semantics/markdown/md-skill-visual-explainer.txt,content_semantics,content_semantic_extract,generated_noncanonical,agents,49ad455d910a84f47d9822ae859ec25bbdf8269377fe421b5f48913d5b910ea0,MD-SKILL-VISUAL-EXPLAINER,MD-SKILL-VISUAL-EXPLAINER,,obsidian-wiki,PASS,2026-06-10T19:37:31Z,Generated deterministic content semantics for local agent retrieval.,MD-SKILL-VISUAL-EXPLAINER,MARKDOWN_SOURCE_REGISTRY.csv,markdown,PASS,49ad455d910a84f47d9822ae859ec25bbdf8269377fe421b5f48913d5b910ea0,.local/content_semantics/markdown/md-skill-visual-explainer.txt,38189,0,"[""Visual Explainer"",""Available Commands"",""Æther-Flow Project Mode"",""Workflow"",""1. Think (5 seconds, not 5 minutes)"",""2. Structure"",""Generate to a temp file (use --aspect-ratio for control)"",""Base64 encode for self-containment (macOS)"",""Linux: IMG=$(base64 -w 0 /tmp/ve-img.png)"",""Embed in HTML and clean up"",""<img src=\""data:image/png;base64,${IMG}\"" alt=\""descriptive alt text\"">"",""3. Style"",""4. Deliver"",""Diagram Types"",""Architecture / System Diagrams"",""Flowcharts / Pipelines"",""Sequence Diagrams"",""Data Flow Diagrams"",""Schema / ER Diagrams"",""State Machines / Decision Trees"",""Mind Maps / Hierarchical Breakdowns"",""Class Diagrams"",""C4 Architecture Diagrams"",""Data Tables / Comparisons / Audits"",""Timeline / Roadmap Views"",""Dashboard / Metrics Overview"",""Implementation Plans"",""Documentation (READMEs, Library Docs, API References)"",""Prose Accent Elements"",""Slide Deck Mode"",""File Structure"",""Sharing Disabled In This Project"",""Quality Checks"",""Anti-Patterns (AI Slop)"",""Typography"",""Color Palette"",""Section Headers"",""Layout & Hierarchy"",""Template Patterns"",""The Slop Test""]","[""https://github.com/nicobailon/surf-cli"",""tag:faf7f5"",""tag:8b5cf6"",""tag:7c3aed"",""tag:a78bfa"",""tag:d946ef"",""tag:c2410c"",""tag:65a30d"",""tag:0891b2"",""tag:0369a1"",""tag:be123c"",""tag:881337"",""tag:d97706"",""tag:059669"",""tag:1e3a5f"",""tag:d4a73a"",""tag:8b5cf6"",""tag:7c3aed"",""tag:a78bfa"",""tag:06b6d4"",""tag:d946ef"",""tag:f472b6""]",[],[],[],0,,2026-06-10T19:37:31Z
SEMANTIC-PDF-ONTOLOGY-AETHER-FLOW-CONSISTENCY,.local/content_semantics/pdf/pdf-ontology-aether-flow-consistency.txt,content_semantics,content_semantic_extract,generated_noncanonical,agents,fd739d4b7bbeaaef301c7ad915f732877bf4a9a3200e2d25bb0fe1e88f1999c4,PDF-ONTOLOGY-AETHER-FLOW-CONSISTENCY,PDF-ONTOLOGY-AETHER-FLOW-CONSISTENCY,,obsidian-wiki,PASS,2026-06-08T01:55:35Z,Generated deterministic content semantics for local agent retrieval.,PDF-ONTOLOGY-AETHER-FLOW-CONSISTENCY,PDF_DERIVATIVE_REGISTRY.csv,pymupdf,PASS,fd739d4b7bbeaaef301c7ad915f732877bf4a9a3200e2d25bb0fe1e88f1999c4,.local/content_semantics/pdf/pdf-ontology-aether-flow-consistency.txt,18748,8,[],[],[],[],[],0,,2026-06-08T01:55:35Z
SEMANTIC-PDF-ONTOLOGY-AETHER-FLOW-DYNAMICS,.local/content_semantics/pdf/pdf-ontology-aether-flow-dynamics.txt,content_semantics,content_semantic_extract,generated_noncanonical,agents,5261c59125ad3ddbca718d79efba7f436bef3b26bc3503c9af83e63a964028ef,PDF-ONTOLOGY-AETHER-FLOW-DYNAMICS,PDF-ONTOLOGY-AETHER-FLOW-DYNAMICS,,obsidian-wiki,PASS,2026-06-08T01:55:35Z,Generated deterministic content semantics for local agent retrieval.,PDF-ONTOLOGY-AETHER-FLOW-DYNAMICS,PDF_DERIVATIVE_REGISTRY.csv,pymupdf,PASS,5261c59125ad3ddbca718d79efba7f436bef3b26bc3503c9af83e63a964028ef,.local/content_semantics/pdf/pdf-ontology-aether-flow-dynamics.txt,23054,9,[],[],[],[],[],0,,2026-06-08T01:55:35Z
SEMANTIC-PDF-ONTOLOGY-AETHER-FLOW-EXACT-CLOSURE-FLAGSHIP-ARTICLE,.local/content_semantics/pdf/pdf-ontology-aether-flow-exact-closure-flagship-article.txt,content_semantics,content_semantic_extract,generated_noncanonical,agents,228b7d2d43c163d82824d692fd853a59aff7c59dc96df115e0789d725802d3c4,PDF-ONTOLOGY-AETHER-FLOW-EXACT-CLOSURE-FLAGSHIP-ARTICLE,PDF-ONTOLOGY-AETHER-FLOW-EXACT-CLOSURE-FLAGSHIP-ARTICLE,,obsidian-wiki,PASS,2026-06-08T01:55:35Z,Generated deterministic content semantics for local agent retrieval.,PDF-ONTOLOGY-AETHER-FLOW-EXACT-CLOSURE-FLAGSHIP-ARTICLE,PDF_DERIVATIVE_REGISTRY.csv,pymupdf,PASS,228b7d2d43c163d82824d692fd853a59aff7c59dc96df115e0789d725802d3c4,.local/content_semantics/pdf/pdf-ontology-aether-flow-exact-closure-flagship-article.txt,27164,10,[],[],[],[],[],0,,2026-06-08T01:55:35Z
SEMANTIC-PDF-ONTOLOGY-AETHER-FLOW-EXACT-CLOSURE-NOTE,.local/content_semantics/pdf/pdf-ontology-aether-flow-exact-closure-note.txt,content_semantics,content_semantic_extract,generated_noncanonical,agents,a883a7cfbc7e5470b6e6b1ad62701fe5632a35ad080d1341efb78b1c848471fd,PDF-ONTOLOGY-AETHER-FLOW-EXACT-CLOSURE-NOTE,PDF-ONTOLOGY-AETHER-FLOW-EXACT-CLOSURE-NOTE,,obsidian-wiki,PASS,2026-06-08T01:55:35Z,Generated deterministic content semantics for local agent retrieval.,PDF-ONTOLOGY-AETHER-FLOW-EXACT-CLOSURE-NOTE,PDF_DERIVATIVE_REGISTRY.csv,pymupdf,PASS,a883a7cfbc7e5470b6e6b1ad62701fe5632a35ad080d1341efb78b1c848471fd,.local/content_semantics/pdf/pdf-ontology-aether-flow-exact-closure-note.txt,25341,10,[],[],[],[],[],0,,2026-06-08T01:55:35Z
SEMANTIC-PDF-ONTOLOGY-AETHER-FLOW-EXACT-CLOSURE-SEQUENCE-OVERVIEW,.local/content_semantics/pdf/pdf-ontology-aether-flow-exact-closure-sequence-overview.txt,content_semantics,content_semantic_extract,generated_noncanonical,agents,d15e4f51939be8c37a6241c1421f0e4594c2d9a41012dd8f8ac409c52e64813a,PDF-ONTOLOGY-AETHER-FLOW-EXACT-CLOSURE-SEQUENCE-OVERVIEW,PDF-ONTOLOGY-AETHER-FLOW-EXACT-CLOSURE-SEQUENCE-OVERVIEW,,obsidian-wiki,PASS,2026-06-08T01:55:35Z,Generated deterministic content semantics for local agent retrieval.,PDF-ONTOLOGY-AETHER-FLOW-EXACT-CLOSURE-SEQUENCE-OVERVIEW,PDF_DERIVATIVE_REGISTRY.csv,pymupdf,PASS,d15e4f51939be8c37a6241c1421f0e4594c2d9a41012dd8f8ac409c52e64813a,.local/content_semantics/pdf/pdf-ontology-aether-flow-exact-closure-sequence-overview.txt,25404,9,[],[],[],[],[],0,,2026-06-08T01:55:35Z
SEMANTIC-PDF-ONTOLOGY-AETHER-FLOW-FOUNDATIONS,.local/content_semantics/pdf/pdf-ontology-aether-flow-foundations.txt,content_semantics,content_semantic_extract,generated_noncanonical,agents,2fe2e1399b3d226f068673925193e5d49d9ef29cad106ef2db2a9fafcdcfec0c,PDF-ONTOLOGY-AETHER-FLOW-FOUNDATIONS,PDF-ONTOLOGY-AETHER-FLOW-FOUNDATIONS,,obsidian-wiki,PASS,2026-06-08T01:55:35Z,Generated deterministic content semantics for local agent retrieval.,PDF-ONTOLOGY-AETHER-FLOW-FOUNDATIONS,PDF_DERIVATIVE_REGISTRY.csv,pymupdf,PASS,2fe2e1399b3d226f068673925193e5d49d9ef29cad106ef2db2a9fafcdcfec0c,.local/content_semantics/pdf/pdf-ontology-aether-flow-foundations.txt,24157,9,[],[],[],[],[],0,,2026-06-08T01:55:35Z
SEMANTIC-PDF-ONTOLOGY-AETHER-FLOW-GEOMETRY,.local/content_semantics/pdf/pdf-ontology-aether-flow-geometry.txt,content_semantics,content_semantic_extract,generated_noncanonical,agents,915702368a289172d5fafdc03d50eca5b7d286c88f482aa283a0e70c9a139741,PDF-ONTOLOGY-AETHER-FLOW-GEOMETRY,PDF-ONTOLOGY-AETHER-FLOW-GEOMETRY,,obsidian-wiki,PASS,2026-06-08T01:55:35Z,Generated deterministic content semantics for local agent retrieval.,PDF-ONTOLOGY-AETHER-FLOW-GEOMETRY,PDF_DERIVATIVE_REGISTRY.csv,pymupdf,PASS,915702368a289172d5fafdc03d50eca5b7d286c88f482aa283a0e70c9a139741,.local/content_semantics/pdf/pdf-ontology-aether-flow-geometry.txt,25770,11,[],[],[],[],[],0,,2026-06-08T01:55:35Z
SEMANTIC-PDF-ONTOLOGY-AETHER-FLOW-RELATIVISTIC-RECOVERY,.local/content_semantics/pdf/pdf-ontology-aether-flow-relativistic-recovery.txt,content_semantics,content_semantic_extract,generated_noncanonical,agents,e3877a1ffa7b506546f248f9240a9365026fbadf19c19e6b78338009c54a8c02,PDF-ONTOLOGY-AETHER-FLOW-RELATIVISTIC-RECOVERY,PDF-ONTOLOGY-AETHER-FLOW-RELATIVISTIC-RECOVERY,,obsidian-wiki,PASS,2026-06-08T01:55:35Z,Generated deterministic content semantics for local agent retrieval.,PDF-ONTOLOGY-AETHER-FLOW-RELATIVISTIC-RECOVERY,PDF_DERIVATIVE_REGISTRY.csv,pymupdf,PASS,e3877a1ffa7b506546f248f9240a9365026fbadf19c19e6b78338009c54a8c02,.local/content_semantics/pdf/pdf-ontology-aether-flow-relativistic-recovery.txt,21420,9,[],[],[],[],[],0,,2026-06-08T01:55:35Z
SEMANTIC-TEX-ONTOLOGY-AETHER-FLOW-CONSISTENCY,.local/content_semantics/tex/tex-ontology-aether-flow-consistency.txt,content_semantics,content_semantic_extract,generated_noncanonical,agents,ed2ad126bf58f2241aad6d7d1b1da5a0a7b5461bd3bf1be6fb34c67581ff5fb0,TEX-ONTOLOGY-AETHER-FLOW-CONSISTENCY,TEX-ONTOLOGY-AETHER-FLOW-CONSISTENCY,,obsidian-wiki,PASS,2026-06-08T01:55:35Z,Generated deterministic content semantics for local agent retrieval.,TEX-ONTOLOGY-AETHER-FLOW-CONSISTENCY,TEX_SOURCE_REGISTRY.csv,tex,PASS,ed2ad126bf58f2241aad6d7d1b1da5a0a7b5461bd3bf1be6fb34c67581ff5fb0,.local/content_semantics/tex/tex-ontology-aether-flow-consistency.txt,33894,0,"[""Introduction"",""Consistency Target and Background Choice"",""Linearization About an Admissible Background"",""Gauge Structure and Physical Variables"",""Degree-of-Freedom Counting"",""Stability and Pathology Analysis"",""Ghost Absence"",""Absence of Tachyonic Mass Terms"",""Hyperbolicity and Causal Structure"",""Absence of Extra Preferred-Frame or Vector/Scalar Gravitational Sectors"",""What This Manuscript Does Not Establish"",""Conclusion""]",[],"[""eq:SA"",""eq:einstein"",""eq:split"",""eq:linearizedeinstein"",""eq:gaugetransform"",""eq:tracereverse"",""eq:dedonder"",""eq:curvedwave"",""eq:minkwave"",""eq:decomp1"",""eq:decomp2"",""eq:ttconditions"",""eq:ttgauge"",""eq:firstclassremoval"",""eq:phasespacecount"",""eq:configcount"",""eq:ttaction""]","[""eq:einstein"",""eq:curvedwave"",""eq:SA"",""eq:gaugetransform"",""eq:minkwave"",""eq:curvedwave""]","[""ADM1962""]",17,,2026-06-08T01:55:35Z
SEMANTIC-TEX-ONTOLOGY-AETHER-FLOW-DYNAMICS,.local/content_semantics/tex/tex-ontology-aether-flow-dynamics.txt,content_semantics,content_semantic_extract,generated_noncanonical,agents,0c778a1ffb22edfdbb4cba0f6ae65fd9463dd19f6ec72cf1aeb841fd2b4174e1,TEX-ONTOLOGY-AETHER-FLOW-DYNAMICS,TEX-ONTOLOGY-AETHER-FLOW-DYNAMICS,,obsidian-wiki,PASS,2026-06-08T01:55:35Z,Generated deterministic content semantics for local agent retrieval.,TEX-ONTOLOGY-AETHER-FLOW-DYNAMICS,TEX_SOURCE_REGISTRY.csv,tex,PASS,0c778a1ffb22edfdbb4cba0f6ae65fd9463dd19f6ec72cf1aeb841fd2b4174e1,.local/content_semantics/tex/tex-ontology-aether-flow-dynamics.txt,42453,0,"[""Introduction"",""Choice of Dynamical Stance"",""Exact Effective Action and Field Equations"",""Cosmological-Constant and Dark-Energy Completion"",""Matter Coupling and Conservation"",""Effective Metric Role"",""Weak-Field and Local Relativistic Recovery"",""Exact Closure, Benchmark Role, and Reversion Rule"",""What Is Adopted and What Remains To Be Derived"",""Limitations"",""Conclusion""]",[],"[""eq:SA"",""eq:einstein"",""eq:stress"",""eq:SA_lambda"",""eq:einstein_lambda"",""eq:de_sector"",""eq:conservation"",""eq:causalclassification"",""eq:null"",""eq:propertime"",""eq:geodesic"",""eq:localinertial"",""eq:linearizedmetric"",""eq:poisson"",""eq:hweakfield"",""eq:weakfield"",""eq:gamma"",""eq:newtonianlimit"",""eq:substrateaction""]","[""eq:einstein"",""eq:geodesic"",""eq:SA"",""eq:einstein"",""eq:localinertial"",""eq:SA"",""eq:SA"",""eq:SA_lambda"",""eq:einstein"",""eq:einstein_lambda"",""eq:SA""]","[""Riess1998,Perlmutter1999,Planck2018Parameters""]",19,,2026-06-08T01:55:35Z
SEMANTIC-TEX-ONTOLOGY-AETHER-FLOW-EXACT-CLOSURE-FLAGSHIP-ARTICLE,.local/content_semantics/tex/tex-ontology-aether-flow-exact-closure-flagship-article.txt,content_semantics,content_semantic_extract,generated_noncanonical,agents,5da11b49f09ceae431b31267fc3e3eeb25bfcdf50d4bfb5484b7d91ef09037d8,TEX-ONTOLOGY-AETHER-FLOW-EXACT-CLOSURE-FLAGSHIP-ARTICLE,TEX-ONTOLOGY-AETHER-FLOW-EXACT-CLOSURE-FLAGSHIP-ARTICLE,,obsidian-wiki,PASS,2026-06-08T01:55:35Z,Generated deterministic content semantics for local agent retrieval.,TEX-ONTOLOGY-AETHER-FLOW-EXACT-CLOSURE-FLAGSHIP-ARTICLE,TEX_SOURCE_REGISTRY.csv,tex,PASS,5da11b49f09ceae431b31267fc3e3eeb25bfcdf50d4bfb5484b7d91ef09037d8,.local/content_semantics/tex/tex-ontology-aether-flow-exact-closure-flagship-article.txt,49325,0,"[""Introduction"",""Public Role of This Article"",""Ontology in Disciplined Form"",""Exact Relativistic Theory Statement"",""Adoption and Explicit Nonclaims"",""Downstream Derivational Status"",""Related Work and Literature Positioning"",""The Flagship Exact-Closure Package"",""Relation to the Downstream Derivational Bridge Archive"",""Research Provenance and Collaboration Method"",""How the Package Should Be Reviewed"",""Conclusion""]",[],"[""eq:Seff"",""eq:Einstein"",""eq:null"",""eq:tau"",""eq:SeffLambda""]",[],"[""Einstein1916,ADM1962"",""Raychaudhuri1955,EllisVanElst1999"",""JacobsonMattingly2001,JacobsonMattingly2004,ElingJacobson2004,Jacobson2010,Jacobson2014,JacobsonSperanza2015,Horava2009"",""Jacobson1995,Visser2002,HojmanKucharTeitelboim1976,Deser2004,Lovelock1971,BarceloLiberatiVisser2011,Sakharov1967"",""Riess1998,Perlmutter1999,Planck2018Parameters"",""Einstein1916,Raychaudhuri1955,EllisVanElst1999,ADM1962"",""JacobsonMattingly2001,JacobsonMattingly2004,ElingJacobson2004,Jacobson2010,Jacobson2014,JacobsonSperanza2015,Horava2009"",""Jacobson1995,Visser2002,HojmanKucharTeitelboim1976,Deser2004,Lovelock1971,BarceloLiberatiVisser2011,Sakharov1967"",""Einstein1916,Raychaudhuri1955,EllisVanElst1999,ADM1962,JacobsonMattingly2001,JacobsonMattingly2004,ElingJacobson2004,Jacobson2010,Jacobson2014,JacobsonSperanza2015,Horava2009,Jacobson1995,Visser2002,HojmanKucharTeitelboim1976,Deser2004,Lovelock1971,BarceloLiberatiVisser2011,Sakharov1967""]",5,,2026-06-08T01:55:35Z
SEMANTIC-TEX-ONTOLOGY-AETHER-FLOW-EXACT-CLOSURE-NOTE,.local/content_semantics/tex/tex-ontology-aether-flow-exact-closure-note.txt,content_semantics,content_semantic_extract,generated_noncanonical,agents,824b01e12adb92e40a1196e7d26463270a5052bbeac6ee7f635e83851f128f22,TEX-ONTOLOGY-AETHER-FLOW-EXACT-CLOSURE-NOTE,TEX-ONTOLOGY-AETHER-FLOW-EXACT-CLOSURE-NOTE,,obsidian-wiki,PASS,2026-06-08T01:55:35Z,Generated deterministic content semantics for local agent retrieval.,TEX-ONTOLOGY-AETHER-FLOW-EXACT-CLOSURE-NOTE,TEX_SOURCE_REGISTRY.csv,tex,PASS,824b01e12adb92e40a1196e7d26463270a5052bbeac6ee7f635e83851f128f22,.local/content_semantics/tex/tex-ontology-aether-flow-exact-closure-note.txt,42175,0,"[""Introduction"",""Dark Energy Within Exact Closure"",""Exact closure"",""Restricted matched weak-field sector"",""Foundational recovery program"",""Relation to the Broader Program"",""Limitations"",""Conclusion""]",[],"[""eq:SA"",""eq:einstein"",""eq:null"",""eq:propertime"",""eq:SA_lambda_note"",""eq:einstein_lambda_note"",""eq:de_sector_note"",""eq:weakfield"",""eq:gamma"",""eq:substrateaction""]","[""eq:SA"",""eq:propertime""]","[""Riess1998,Perlmutter1999,Planck2018Parameters""]",10,,2026-06-08T01:55:35Z
SEMANTIC-TEX-ONTOLOGY-AETHER-FLOW-EXACT-CLOSURE-SEQUENCE-OVERVIEW,.local/content_semantics/tex/tex-ontology-aether-flow-exact-closure-sequence-overview.txt,content_semantics,content_semantic_extract,generated_noncanonical,agents,41c4b442b0bc1c28106c8663f7ece0db94b32bf8e367f2ace8f12b03874a7722,TEX-ONTOLOGY-AETHER-FLOW-EXACT-CLOSURE-SEQUENCE-OVERVIEW,TEX-ONTOLOGY-AETHER-FLOW-EXACT-CLOSURE-SEQUENCE-OVERVIEW,,obsidian-wiki,PASS,2026-06-08T01:55:35Z,Generated deterministic content semantics for local agent retrieval.,TEX-ONTOLOGY-AETHER-FLOW-EXACT-CLOSURE-SEQUENCE-OVERVIEW,TEX_SOURCE_REGISTRY.csv,tex,PASS,41c4b442b0bc1c28106c8663f7ece0db94b32bf8e367f2ace8f12b03874a7722,.local/content_semantics/tex/tex-ontology-aether-flow-exact-closure-sequence-overview.txt,44733,0,"[""Introduction"",""Purpose of the Overview"",""Exact Theory Statement"",""Flagship Package and Reading Order"",""What the Sequence Establishes"",""What the Sequence Does Not Establish"",""Literature Positioning"",""Relation to the Derivational Bridge Program"",""Editorial Use of This Note"",""Conclusion""]",[],"[""eq:SA"",""eq:einstein"",""eq:null"",""eq:propertime"",""eq:SA_lambda""]",[],"[""Einstein1916,ADM1962"",""Raychaudhuri1955,EllisVanElst1999"",""JacobsonMattingly2001,JacobsonMattingly2004,ElingJacobson2004,Jacobson2010,Jacobson2014,JacobsonSperanza2015,Horava2009"",""Jacobson1995,Visser2002,HojmanKucharTeitelboim1976,Deser2004,Lovelock1971,BarceloLiberatiVisser2011,Sakharov1967"",""Riess1998,Perlmutter1999,Planck2018Parameters"",""Einstein1916,Raychaudhuri1955,EllisVanElst1999,ADM1962"",""JacobsonMattingly2001,JacobsonMattingly2004,ElingJacobson2004,Jacobson2010,Jacobson2014,JacobsonSperanza2015,Horava2009"",""Jacobson1995,Visser2002,HojmanKucharTeitelboim1976,Deser2004,Lovelock1971,BarceloLiberatiVisser2011,Sakharov1967""]",5,,2026-06-08T01:55:35Z
SEMANTIC-TEX-ONTOLOGY-AETHER-FLOW-FOUNDATIONS,.local/content_semantics/tex/tex-ontology-aether-flow-foundations.txt,content_semantics,content_semantic_extract,generated_noncanonical,agents,c223e6ad7d27b4e6d70e4b62959bf3ff3319ab23ff23089ddb71bd819aedbc08,TEX-ONTOLOGY-AETHER-FLOW-FOUNDATIONS,TEX-ONTOLOGY-AETHER-FLOW-FOUNDATIONS,,obsidian-wiki,PASS,2026-06-08T01:55:35Z,Generated deterministic content semantics for local agent retrieval.,TEX-ONTOLOGY-AETHER-FLOW-FOUNDATIONS,TEX_SOURCE_REGISTRY.csv,tex,PASS,c223e6ad7d27b4e6d70e4b62959bf3ff3319ab23ff23089ddb71bd819aedbc08,.local/content_semantics/tex/tex-ontology-aether-flow-foundations.txt,42181,0,"[""Introduction"",""Framework Statement"",""Original Intent"",""Observed Space as Local Experiential Slice"",""S-Time as Experienced Order of Change"",""Observed Expansion, Light, and Relativistic Phenomenology"",""Relation to General Relativity"",""Claim Boundary and Program Status"",""Ontology"",""Exact closure"",""Adopted dynamics"",""Open derivational work"",""Established in the present paper"",""Not yet established"",""Conclusion""]",[],"[""eq:SA"",""eq:einstein"",""eq:null"",""eq:propertime""]","[""eq:SA"",""eq:propertime""]",[],4,,2026-06-08T01:55:35Z
SEMANTIC-TEX-ONTOLOGY-AETHER-FLOW-GEOMETRY,.local/content_semantics/tex/tex-ontology-aether-flow-geometry.txt,content_semantics,content_semantic_extract,generated_noncanonical,agents,623f1d46a65ce6d05f0802572aae6164307679ef9b29f60df045234358111cdd,TEX-ONTOLOGY-AETHER-FLOW-GEOMETRY,TEX-ONTOLOGY-AETHER-FLOW-GEOMETRY,,obsidian-wiki,PASS,2026-06-08T01:55:35Z,Generated deterministic content semantics for local agent retrieval.,TEX-ONTOLOGY-AETHER-FLOW-GEOMETRY,TEX_SOURCE_REGISTRY.csv,tex,PASS,623f1d46a65ce6d05f0802572aae6164307679ef9b29f60df045234358111cdd,.local/content_semantics/tex/tex-ontology-aether-flow-geometry.txt,51613,0,"[""Introduction"",""Congruence Choice and Scope"",""Observer Rest Space and Local Decomposition"",""Raychaudhuri Control"",""Frobenius Criterion"",""Expansion as Ordered Volume Change"",""Dark Energy and Congruence Defocusing"",""Static Gravity and Redshift as Acceleration Structure"",""Swirl, Rotation, and Frame Dragging"",""Shear, Tidal Gravity, and Wave Strain"",""Local Special Relativity as the Local Inertial Limit"",""Interpretive Dictionary and Explicit Nonclaims"",""Conclusion""]",[],"[""eq:unitnorm"",""eq:einstein"",""eq:projector"",""eq:projectorprops"",""eq:vectordecomp"",""eq:reldecomp"",""eq:gammafactor"",""eq:projectedderivative"",""eq:acceleration"",""eq:expansion"",""eq:shear"",""eq:vorticity"",""eq:kinematicprops"",""eq:flowdecomp"",""eq:raychaudhuri"",""eq:frobenius"",""eq:volumeexpansion"",""eq:flrwtheta"",""eq:raychaudhuri_flrw_lambda"",""eq:flrw_accel_lambda"",""eq:staticmetric"",""eq:staticu"",""eq:statickinematics"",""eq:staticacceleration"",""eq:lapseweakfield"",""eq:weakfieldacceleration"",""eq:physicalacceleration"",""eq:stationarytime"",""eq:redshift"",""eq:redshiftweakfield"",""eq:weylelectric"",""eq:geodesicdeviation"",""eq:ttmetric"",""eq:localinertial"",""eq:localobserver"",""eq:localsr""]","[""eq:gammafactor"",""eq:reldecomp""]","[""Raychaudhuri1955,EllisVanElst1999"",""Raychaudhuri1955,EllisVanElst1999"",""Raychaudhuri1955"",""Riess1998,Perlmutter1999,Planck2018Parameters""]",36,,2026-06-08T01:55:35Z
SEMANTIC-TEX-ONTOLOGY-AETHER-FLOW-RELATIVISTIC-RECOVERY,.local/content_semantics/tex/tex-ontology-aether-flow-relativistic-recovery.txt,content_semantics,content_semantic_extract,generated_noncanonical,agents,2efb1dfb2b6f7bb73c463eea4e98a0e16332006f824aec528936bbaf60b0c1f7,TEX-ONTOLOGY-AETHER-FLOW-RELATIVISTIC-RECOVERY,TEX-ONTOLOGY-AETHER-FLOW-RELATIVISTIC-RECOVERY,,obsidian-wiki,PASS,2026-06-08T01:55:35Z,Generated deterministic content semantics for local agent retrieval.,TEX-ONTOLOGY-AETHER-FLOW-RELATIVISTIC-RECOVERY,TEX_SOURCE_REGISTRY.csv,tex,PASS,2efb1dfb2b6f7bb73c463eea4e98a0e16332006f824aec528936bbaf60b0c1f7,.local/content_semantics/tex/tex-ontology-aether-flow-relativistic-recovery.txt,40308,0,"[""Introduction"",""Exact Relation to General Relativity"",""Weak-Field Recovery"",""Light Propagation and Causal Structure"",""Redshift and Time-Dilation Structure"",""Cosmological Recovery and Dark Energy"",""Local Recovery of SR"",""Why the Ontology Does Not Contradict SR"",""S-Time, Measured Duration, and Observed Spatial Relations"",""Scope of the Present Recovery Statement"",""Benchmark Role and Explicit Nonclaims"",""Conclusion""]",[],"[""eq:SA"",""eq:einstein"",""eq:obsidentity"",""eq:linearizedmetric"",""eq:poisson"",""eq:weakfield"",""eq:ppngamma"",""eq:newtonianlimit"",""eq:null"",""eq:nullgeodesic"",""eq:localinertial"",""eq:localminkowski"",""eq:localc"",""eq:staticmetric"",""eq:stationaryclock"",""eq:redshift"",""eq:lapseweakfield"",""eq:weakredshift"",""eq:propertime"",""eq:flrwmetric"",""eq:hubble"",""eq:theta3h"",""eq:einstein_cosmo"",""eq:friedmann1"",""eq:friedmann2"",""eq:wa"",""eq:kinematictimedilation"",""eq:spatialprojector""]","[""eq:obsidentity"",""eq:staticmetric"",""eq:stationaryclock"",""eq:weakredshift"",""eq:localminkowski"",""eq:propertime""]","[""Riess1998,Perlmutter1999,Planck2018Parameters""]",28,,2026-06-08T01:55:35Z
SEMANTIC-TEX-RESEARCH-CONTROL-GATE0-ONTOLOGY-FORMALIZATION,.local/content_semantics/tex/tex-research-control-gate0-ontology-formalization.txt,content_semantics,content_semantic_extract,generated_noncanonical,agents,fb023a6aacb7c24afdc8f9a69290950a317155d32ed82897af7466540d089b04,TEX-RESEARCH-CONTROL-GATE0-ONTOLOGY-FORMALIZATION,TEX-RESEARCH-CONTROL-GATE0-ONTOLOGY-FORMALIZATION,,obsidian-wiki,PASS,2026-06-08T22:07:09Z,Generated deterministic content semantics for local agent retrieval.,TEX-RESEARCH-CONTROL-GATE0-ONTOLOGY-FORMALIZATION,TEX_SOURCE_REGISTRY.csv,tex,PASS,fb023a6aacb7c24afdc8f9a69290950a317155d32ed82897af7466540d089b04,.local/content_semantics/tex/tex-research-control-gate0-ontology-formalization.txt,18206,0,"[""Scope and Authority"",""Source-Side Primitive Reservoir"",""Target Benchmark Kept Out of the Source"",""Gate 0 Localization Burden"",""Allowed and Forbidden Next Moves"",""Result"",""References""]",[],[],[],[],0,,2026-06-08T22:07:09Z
SEMANTIC-TEX-RESEARCH-CONTROL-LOCALIZATION-CANDIDATE-PACKET,.local/content_semantics/tex/tex-research-control-localization-candidate-packet.txt,content_semantics,content_semantic_extract,generated_noncanonical,agents,a9e87da175e536ba8be0f5068b546b37f804c6817f2b8ba26b6ecc545c045bfc,TEX-RESEARCH-CONTROL-LOCALIZATION-CANDIDATE-PACKET,TEX-RESEARCH-CONTROL-LOCALIZATION-CANDIDATE-PACKET,,obsidian-wiki,PASS,2026-06-08T22:21:52Z,Generated deterministic content semantics for local agent retrieval.,TEX-RESEARCH-CONTROL-LOCALIZATION-CANDIDATE-PACKET,TEX_SOURCE_REGISTRY.csv,tex,PASS,a9e87da175e536ba8be0f5068b546b37f804c6817f2b8ba26b6ecc545c045bfc,.local/content_semantics/tex/tex-research-control-localization-candidate-packet.txt,18939,0,"[""Scope and Authority"",""Gate 0 Input"",""Additional Source Data"",""Localization Map"",""Anti-Smuggling Constraints"",""Required Tests"",""Status and Next Role"",""References""]",[],[],[],[],0,,2026-06-08T22:21:52Z
SEMANTIC-TEX-RESEARCH-CONTROL-LOCALIZATION-REPAIR-REFUTATION,.local/content_semantics/tex/tex-research-control-localization-repair-refutation.txt,content_semantics,content_semantic_extract,generated_noncanonical,agents,da38653280f9d0de0bb4e0c80e0d4145b23fbb921811c83db86a856a37fb57dd,TEX-RESEARCH-CONTROL-LOCALIZATION-REPAIR-REFUTATION,TEX-RESEARCH-CONTROL-LOCALIZATION-REPAIR-REFUTATION,,obsidian-wiki,PASS,2026-06-09T00:09:12Z,Generated deterministic content semantics for local agent retrieval.,TEX-RESEARCH-CONTROL-LOCALIZATION-REPAIR-REFUTATION,TEX_SOURCE_REGISTRY.csv,tex,PASS,da38653280f9d0de0bb4e0c80e0d4145b23fbb921811c83db86a856a37fb57dd,.local/content_semantics/tex/tex-research-control-localization-repair-refutation.txt,22271,0,"[""Scope and Refutation Standard"",""Front-Generation Findings"",""Coincidence-Response Findings"",""Clock-Scale Findings"",""Benchmark-Separation Finding"",""Local Verdict"",""Repair Burdens for the Director"",""References""]",[],[],[],[],0,,2026-06-09T00:09:12Z
SEMANTIC-TEX-RESEARCH-CONTROL-LOCALIZATION-SMUGGLING-AUDIT,.local/content_semantics/tex/tex-research-control-localization-smuggling-audit.txt,content_semantics,content_semantic_extract,generated_noncanonical,agents,c6193254104ba4d41cb8a03dcad860fa5f95c227ba77e6155c4d404061c94290,TEX-RESEARCH-CONTROL-LOCALIZATION-SMUGGLING-AUDIT,TEX-RESEARCH-CONTROL-LOCALIZATION-SMUGGLING-AUDIT,,obsidian-wiki,PASS,2026-06-08T23:50:34Z,Generated deterministic content semantics for local agent retrieval.,TEX-RESEARCH-CONTROL-LOCALIZATION-SMUGGLING-AUDIT,TEX_SOURCE_REGISTRY.csv,tex,PASS,c6193254104ba4d41cb8a03dcad860fa5f95c227ba77e6155c4d404061c94290,.local/content_semantics/tex/tex-research-control-localization-smuggling-audit.txt,18302,0,"[""Scope and Audit Standard"",""Primary Findings"",""Audit Classification"",""Next Research Move"",""References""]",[],[],[],[],0,,2026-06-08T23:50:34Z
SEMANTIC-TEX-RESEARCH-CONTROL-LOCALIZATION-SOURCE-BASIS-AXIOM-BENCHMARK-INDEPENDENCE-REFUTATION,.local/content_semantics/tex/tex-research-control-localization-source-basis-axiom-benchmark-independence-refutation.txt,content_semantics,content_semantic_extract,generated_noncanonical,agents,51600d7e0fc279d9ba8b9ce8bb8770d61025aa638921c0c690f55ba647638f09,TEX-RESEARCH-CONTROL-LOCALIZATION-SOURCE-BASIS-AXIOM-BENCHMARK-INDEPENDENCE-REFUTATION,TEX-RESEARCH-CONTROL-LOCALIZATION-SOURCE-BASIS-AXIOM-BENCHMARK-INDEPENDENCE-REFUTATION,,obsidian-wiki,PASS,2026-06-09T13:58:14Z,Generated deterministic content semantics for local agent retrieval.,TEX-RESEARCH-CONTROL-LOCALIZATION-SOURCE-BASIS-AXIOM-BENCHMARK-INDEPENDENCE-REFUTATION,TEX_SOURCE_REGISTRY.csv,tex,PASS,51600d7e0fc279d9ba8b9ce8bb8770d61025aa638921c0c690f55ba647638f09,.local/content_semantics/tex/tex-research-control-localization-source-basis-axiom-benchmark-independence-refutation.txt,24271,0,"[""Scope and Refutation Standard"",""A0 and A1: Presentation and Transition Variance"",""A2: Perturbation and Discriminator Variance"",""A3: Response-Algebra and Rank Variance"",""A4: Clock-Transport and Holonomy Variance"",""Necessity Ledger"",""Local Verdict"",""Next Burden"",""References""]",[],[],[],[],0,,2026-06-09T13:58:14Z
SEMANTIC-TEX-RESEARCH-CONTROL-LOCALIZATION-SOURCE-BASIS-AXIOM-JUSTIFICATION,.local/content_semantics/tex/tex-research-control-localization-source-basis-axiom-justification.txt,content_semantics,content_semantic_extract,generated_noncanonical,agents,0c643ddfe56f689a0d04b886ef6e6cba8ababbf913f0c81e098ce435e8e6f41b,TEX-RESEARCH-CONTROL-LOCALIZATION-SOURCE-BASIS-AXIOM-JUSTIFICATION,TEX-RESEARCH-CONTROL-LOCALIZATION-SOURCE-BASIS-AXIOM-JUSTIFICATION,,obsidian-wiki,PASS,2026-06-09T00:52:07Z,Generated deterministic content semantics for local agent retrieval.,TEX-RESEARCH-CONTROL-LOCALIZATION-SOURCE-BASIS-AXIOM-JUSTIFICATION,TEX_SOURCE_REGISTRY.csv,tex,PASS,0c643ddfe56f689a0d04b886ef6e6cba8ababbf913f0c81e098ce435e8e6f41b,.local/content_semantics/tex/tex-research-control-localization-source-basis-axiom-justification.txt,24206,0,"[""Scope and Standard"",""Minimal Axiom Packet"",""Conservativity Ledger"",""Failure Tests"",""Local Verdict"",""Next Role"",""References""]",[],[],[],[],0,,2026-06-09T00:52:07Z
SEMANTIC-TEX-RESEARCH-CONTROL-LOCALIZATION-SOURCE-BASIS-AXIOM-SELECTION-LAW-BENCHMARK-INDEPENDENCE-REFUTATION,.local/content_semantics/tex/tex-research-control-localization-source-basis-axiom-selection-law-benchmark-independence-refutation.txt,content_semantics,content_semantic_extract,generated_noncanonical,agents,7f59d2bb91edb4ca677931ff81eadfcbe7ed22ebe995d2b7e57a392148e84189,TEX-RESEARCH-CONTROL-LOCALIZATION-SOURCE-BASIS-AXIOM-SELECTION-LAW-BENCHMARK-INDEPENDENCE-REFUTATION,TEX-RESEARCH-CONTROL-LOCALIZATION-SOURCE-BASIS-AXIOM-SELECTION-LAW-BENCHMARK-INDEPENDENCE-REFUTATION,,obsidian-wiki,PASS,2026-06-09T23:45:49Z,Generated deterministic content semantics for local agent retrieval.,TEX-RESEARCH-CONTROL-LOCALIZATION-SOURCE-BASIS-AXIOM-SELECTION-LAW-BENCHMARK-INDEPENDENCE-REFUTATION,TEX_SOURCE_REGISTRY.csv,tex,PASS,7f59d2bb91edb4ca677931ff81eadfcbe7ed22ebe995d2b7e57a392148e84189,.local/content_semantics/tex/tex-research-control-localization-source-basis-axiom-selection-law-benchmark-independence-refutation.txt,26337,0,"[""Scope and Refutation Standard"",""Independence Ledger"",""Local Verdict"",""Next Burden"",""References""]",[],[],[],[],0,,2026-06-09T23:45:49Z
SEMANTIC-TEX-RESEARCH-CONTROL-LOCALIZATION-SOURCE-BASIS-AXIOM-SELECTION-LAW-PACKET,.local/content_semantics/tex/tex-research-control-localization-source-basis-axiom-selection-law-packet.txt,content_semantics,content_semantic_extract,generated_noncanonical,agents,d86bede51a0630fa4d5996a89a9b0165796b60d0761287913400f075819842ab,TEX-RESEARCH-CONTROL-LOCALIZATION-SOURCE-BASIS-AXIOM-SELECTION-LAW-PACKET,TEX-RESEARCH-CONTROL-LOCALIZATION-SOURCE-BASIS-AXIOM-SELECTION-LAW-PACKET,,obsidian-wiki,PASS,2026-06-09T14:09:19Z,Generated deterministic content semantics for local agent retrieval.,TEX-RESEARCH-CONTROL-LOCALIZATION-SOURCE-BASIS-AXIOM-SELECTION-LAW-PACKET,TEX_SOURCE_REGISTRY.csv,tex,PASS,d86bede51a0630fa4d5996a89a9b0165796b60d0761287913400f075819842ab,.local/content_semantics/tex/tex-research-control-localization-source-basis-axiom-selection-law-packet.txt,22130,0,"[""Scope and Selection Standard"",""S0: Presentation Selector"",""S1: Transition-Germ Selector"",""S2: Perturbation and Discriminator Selector"",""S3: Response-Algebra Selector"",""S4: Clock-Transport Selector"",""S_F: Failure-Reporting Selector"",""Selection Ledger"",""Control Status"",""Next Burden"",""References""]",[],[],[],[],0,,2026-06-09T14:09:19Z
SEMANTIC-TEX-RESEARCH-CONTROL-LOCALIZATION-SOURCE-BASIS-AXIOM-SELECTION-LAW-SMUGGLING-AUDIT,.local/content_semantics/tex/tex-research-control-localization-source-basis-axiom-selection-law-smuggling-audit.txt,content_semantics,content_semantic_extract,generated_noncanonical,agents,85daac79eac2a7330a8210dac9d5a3c8bc86ba9af327b90c00e93c2dad779bee,TEX-RESEARCH-CONTROL-LOCALIZATION-SOURCE-BASIS-AXIOM-SELECTION-LAW-SMUGGLING-AUDIT,TEX-RESEARCH-CONTROL-LOCALIZATION-SOURCE-BASIS-AXIOM-SELECTION-LAW-SMUGGLING-AUDIT,,obsidian-wiki,PASS,2026-06-09T23:37:16Z,Generated deterministic content semantics for local agent retrieval.,TEX-RESEARCH-CONTROL-LOCALIZATION-SOURCE-BASIS-AXIOM-SELECTION-LAW-SMUGGLING-AUDIT,TEX_SOURCE_REGISTRY.csv,tex,PASS,85daac79eac2a7330a8210dac9d5a3c8bc86ba9af327b90c00e93c2dad779bee,.local/content_semantics/tex/tex-research-control-localization-source-basis-axiom-selection-law-smuggling-audit.txt,21137,0,"[""Scope and Audit Standard"",""Positive Transparency Screen"",""S0: Presentation Seed and Refinement Risks"",""S1: Transition Minimality Risks"",""S2: Discriminator Closure Risks"",""S3: Quotient and Rank Risks"",""S4: Clock-Transport Risks"",""S_F: Failure-Status Risks"",""Audit Verdict"",""Next Burden"",""References""]",[],[],[],[],0,,2026-06-09T23:37:16Z
SEMANTIC-TEX-RESEARCH-CONTROL-LOCALIZATION-SOURCE-BASIS-AXIOM-SELECTOR-DOMAIN-BENCHMARK-INDEPENDENCE-REFUTATION,.local/content_semantics/tex/tex-research-control-localization-source-basis-axiom-selector-domain-benchmark-independence-refutation.txt,content_semantics,content_semantic_extract,generated_noncanonical,agents,07ac4f93e49b80243fc11a596661bf3a46ec7f12c91dae582480d8d51c8afdb1,TEX-RESEARCH-CONTROL-LOCALIZATION-SOURCE-BASIS-AXIOM-SELECTOR-DOMAIN-BENCHMARK-INDEPENDENCE-REFUTATION,TEX-RESEARCH-CONTROL-LOCALIZATION-SOURCE-BASIS-AXIOM-SELECTOR-DOMAIN-BENCHMARK-INDEPENDENCE-REFUTATION,,obsidian-wiki,PASS,2026-06-10T00:27:00Z,Generated deterministic content semantics for local agent retrieval.,TEX-RESEARCH-CONTROL-LOCALIZATION-SOURCE-BASIS-AXIOM-SELECTOR-DOMAIN-BENCHMARK-INDEPENDENCE-REFUTATION,TEX_SOURCE_REGISTRY.csv,tex,PASS,07ac4f93e49b80243fc11a596661bf3a46ec7f12c91dae582480d8d51c8afdb1,.local/content_semantics/tex/tex-research-control-localization-source-basis-axiom-selector-domain-benchmark-independence-refutation.txt,27067,0,"[""Scope and Refutation Standard"",""Independence Ledger"",""Local Verdict"",""Next Burden"",""References""]",[],[],[],[],0,,2026-06-10T00:27:00Z
SEMANTIC-TEX-RESEARCH-CONTROL-LOCALIZATION-SOURCE-BASIS-AXIOM-SELECTOR-DOMAIN-FINITE-SURVEY-PROTOCOL-BENCHMARK-INDEPENDENCE-REFUTATION,.local/content_semantics/tex/tex-research-control-localization-source-basis-axiom-selector-domain-finite-survey-protocol-benchmark-independence-refutation.txt,content_semantics,content_semantic_extract,generated_noncanonical,agents,01bf1971b9a86ee81a5ec8499047018a77aebf194eee44e7f00b67b4eb4ffd84,TEX-RESEARCH-CONTROL-LOCALIZATION-SOURCE-BASIS-AXIOM-SELECTOR-DOMAIN-FINITE-SURVEY-PROTOCOL-BENCHMARK-INDEPENDENCE-REFUTATION,TEX-RESEARCH-CONTROL-LOCALIZATION-SOURCE-BASIS-AXIOM-SELECTOR-DOMAIN-FINITE-SURVEY-PROTOCOL-BENCHMARK-INDEPENDENCE-REFUTATION,,obsidian-wiki,PASS,2026-06-10T05:36:37Z,Generated deterministic content semantics for local agent retrieval.,TEX-RESEARCH-CONTROL-LOCALIZATION-SOURCE-BASIS-AXIOM-SELECTOR-DOMAIN-FINITE-SURVEY-PROTOCOL-BENCHMARK-INDEPENDENCE-REFUTATION,TEX_SOURCE_REGISTRY.csv,tex,PASS,01bf1971b9a86ee81a5ec8499047018a77aebf194eee44e7f00b67b4eb4ffd84,.local/content_semantics/tex/tex-research-control-localization-source-basis-axiom-selector-domain-finite-survey-protocol-benchmark-independence-refutation.txt,26480,0,"[""Scope and Refutation Standard"",""Sealed Packet Variation"",""Enumerator Grammar Variation"",""Certificate Variation"",""Output-Map Variation"",""Status-Transition Variation"",""Independence Ledger"",""Local Verdict"",""Next Burden"",""References""]",[],[],[],[],0,,2026-06-10T05:36:37Z
SEMANTIC-TEX-RESEARCH-CONTROL-LOCALIZATION-SOURCE-BASIS-AXIOM-SELECTOR-DOMAIN-FINITE-SURVEY-PROTOCOL-PACKET,.local/content_semantics/tex/tex-research-control-localization-source-basis-axiom-selector-domain-finite-survey-protocol-packet.txt,content_semantics,content_semantic_extract,generated_noncanonical,agents,c6d43b547d2ed5e7128bedffe06a080b11679e278be558b6697700e0bf362cfc,TEX-RESEARCH-CONTROL-LOCALIZATION-SOURCE-BASIS-AXIOM-SELECTOR-DOMAIN-FINITE-SURVEY-PROTOCOL-PACKET,TEX-RESEARCH-CONTROL-LOCALIZATION-SOURCE-BASIS-AXIOM-SELECTOR-DOMAIN-FINITE-SURVEY-PROTOCOL-PACKET,,obsidian-wiki,PASS,2026-06-10T00:47:57Z,Generated deterministic content semantics for local agent retrieval.,TEX-RESEARCH-CONTROL-LOCALIZATION-SOURCE-BASIS-AXIOM-SELECTOR-DOMAIN-FINITE-SURVEY-PROTOCOL-PACKET,TEX_SOURCE_REGISTRY.csv,tex,PASS,c6d43b547d2ed5e7128bedffe06a080b11679e278be558b6697700e0bf362cfc,.local/content_semantics/tex/tex-research-control-localization-source-basis-axiom-selector-domain-finite-survey-protocol-packet.txt,27050,0,"[""Scope and Protocol Standard"",""Common Survey Data Model"",""Protocol Ledger"",""Controlled Pause Conditions"",""Local Verdict"",""Next Burden"",""References""]",[],[],[],[],0,,2026-06-10T00:47:57Z
SEMANTIC-TEX-RESEARCH-CONTROL-LOCALIZATION-SOURCE-BASIS-AXIOM-SELECTOR-DOMAIN-FINITE-SURVEY-PROTOCOL-SMUGGLING-AUDIT,.local/content_semantics/tex/tex-research-control-localization-source-basis-axiom-selector-domain-finite-survey-protocol-smuggling-audit.txt,content_semantics,content_semantic_extract,generated_noncanonical,agents,cedaa2c089b3a0d28e55dc475d3585212bcf3de34604654ca3974d3b2492d160,TEX-RESEARCH-CONTROL-LOCALIZATION-SOURCE-BASIS-AXIOM-SELECTOR-DOMAIN-FINITE-SURVEY-PROTOCOL-SMUGGLING-AUDIT,TEX-RESEARCH-CONTROL-LOCALIZATION-SOURCE-BASIS-AXIOM-SELECTOR-DOMAIN-FINITE-SURVEY-PROTOCOL-SMUGGLING-AUDIT,,obsidian-wiki,PASS,2026-06-10T00:55:56Z,Generated deterministic content semantics for local agent retrieval.,TEX-RESEARCH-CONTROL-LOCALIZATION-SOURCE-BASIS-AXIOM-SELECTOR-DOMAIN-FINITE-SURVEY-PROTOCOL-SMUGGLING-AUDIT,TEX_SOURCE_REGISTRY.csv,tex,PASS,cedaa2c089b3a0d28e55dc475d3585212bcf3de34604654ca3974d3b2492d160,.local/content_semantics/tex/tex-research-control-localization-source-basis-axiom-selector-domain-finite-survey-protocol-smuggling-audit.txt,25912,0,"[""Scope and Audit Standard"",""Positive Transparency Screen"",""Sealed Packet Risks"",""Enumerator-Grammar Risks"",""Certificate and Output-Map Risks"",""Audit Verdict"",""Next Burden"",""References""]",[],[],[],[],0,,2026-06-10T00:55:56Z
SEMANTIC-TEX-RESEARCH-CONTROL-LOCALIZATION-SOURCE-BASIS-AXIOM-SELECTOR-DOMAIN-FINITE-VARIATION-REPAIR-PACKET,.local/content_semantics/tex/tex-research-control-localization-source-basis-axiom-selector-domain-finite-variation-repair-packet.txt,content_semantics,content_semantic_extract,generated_noncanonical,agents,1f4178b3a83995346642792508f2e46866e0917df8c964cc57d08244975e2cf5,TEX-RESEARCH-CONTROL-LOCALIZATION-SOURCE-BASIS-AXIOM-SELECTOR-DOMAIN-FINITE-VARIATION-REPAIR-PACKET,TEX-RESEARCH-CONTROL-LOCALIZATION-SOURCE-BASIS-AXIOM-SELECTOR-DOMAIN-FINITE-VARIATION-REPAIR-PACKET,,obsidian-wiki,PASS,2026-06-10T05:48:43Z,Generated deterministic content semantics for local agent retrieval.,TEX-RESEARCH-CONTROL-LOCALIZATION-SOURCE-BASIS-AXIOM-SELECTOR-DOMAIN-FINITE-VARIATION-REPAIR-PACKET,TEX_SOURCE_REGISTRY.csv,tex,PASS,1f4178b3a83995346642792508f2e46866e0917df8c964cc57d08244975e2cf5,.local/content_semantics/tex/tex-research-control-localization-source-basis-axiom-selector-domain-finite-variation-repair-packet.txt,31718,0,"[""Scope and Repair Principle"",""Benchmark-Blind Packet-Family Selection"",""Enumerator-Family Completeness"",""Certificate-Exclusion Proof Obligations"",""Output-Map Stability Criteria"",""Repair Ledger"",""Local Verdict and Limitations"",""Next Burden"",""References""]",[],[],[],[],0,,2026-06-10T05:48:43Z
SEMANTIC-TEX-RESEARCH-CONTROL-LOCALIZATION-SOURCE-BASIS-AXIOM-SELECTOR-DOMAIN-FINITE-VARIATION-SMUGGLING-AUDIT,.local/content_semantics/tex/tex-research-control-localization-source-basis-axiom-selector-domain-finite-variation-smuggling-audit.txt,content_semantics,content_semantic_extract,generated_noncanonical,agents,01e05e92a48ac3595a9a1b7f37da5343b0ddb5ff4c32fe757b7d39e6a3cd19a5,TEX-RESEARCH-CONTROL-LOCALIZATION-SOURCE-BASIS-AXIOM-SELECTOR-DOMAIN-FINITE-VARIATION-SMUGGLING-AUDIT,TEX-RESEARCH-CONTROL-LOCALIZATION-SOURCE-BASIS-AXIOM-SELECTOR-DOMAIN-FINITE-VARIATION-SMUGGLING-AUDIT,,obsidian-wiki,PASS,2026-06-10T16:27:13Z,Generated deterministic content semantics for local agent retrieval.,TEX-RESEARCH-CONTROL-LOCALIZATION-SOURCE-BASIS-AXIOM-SELECTOR-DOMAIN-FINITE-VARIATION-SMUGGLING-AUDIT,TEX_SOURCE_REGISTRY.csv,tex,PASS,01e05e92a48ac3595a9a1b7f37da5343b0ddb5ff4c32fe757b7d39e6a3cd19a5,.local/content_semantics/tex/tex-research-control-localization-source-basis-axiom-selector-domain-finite-variation-smuggling-audit.txt,28927,0,"[""Scope and Audit Standard"",""Positive Transparency Screen"",""Input-Ledger and Packet-Family Risks"",""Admissibility and Enumerator-Family Risks"",""Certificate-Exclusion Risks"",""Output-Map and Stability-Gate Risks"",""Audit Ledger"",""Audit Verdict"",""Next Burden"",""References""]",[],[],[],[],0,,2026-06-10T16:27:13Z
SEMANTIC-TEX-RESEARCH-CONTROL-LOCALIZATION-SOURCE-BASIS-AXIOM-SELECTOR-DOMAIN-REPAIR-PACKET,.local/content_semantics/tex/tex-research-control-localization-source-basis-axiom-selector-domain-repair-packet.txt,content_semantics,content_semantic_extract,generated_noncanonical,agents,e14ccbb0f5ecc7cd96b9bee6c81f15d196297f4e434706f2de5d62a371dfb2f7,TEX-RESEARCH-CONTROL-LOCALIZATION-SOURCE-BASIS-AXIOM-SELECTOR-DOMAIN-REPAIR-PACKET,TEX-RESEARCH-CONTROL-LOCALIZATION-SOURCE-BASIS-AXIOM-SELECTOR-DOMAIN-REPAIR-PACKET,,obsidian-wiki,PASS,2026-06-09T23:54:02Z,Generated deterministic content semantics for local agent retrieval.,TEX-RESEARCH-CONTROL-LOCALIZATION-SOURCE-BASIS-AXIOM-SELECTOR-DOMAIN-REPAIR-PACKET,TEX_SOURCE_REGISTRY.csv,tex,PASS,e14ccbb0f5ecc7cd96b9bee6c81f15d196297f4e434706f2de5d62a371dfb2f7,.local/content_semantics/tex/tex-research-control-localization-source-basis-axiom-selector-domain-repair-packet.txt,21426,0,"[""Scope and Repair Standard"",""Repair Ledger"",""Control Status"",""Next Burden"",""References""]",[],[],[],[],0,,2026-06-09T23:54:02Z
SEMANTIC-TEX-RESEARCH-CONTROL-LOCALIZATION-SOURCE-BASIS-AXIOM-SELECTOR-DOMAIN-SMUGGLING-AUDIT,.local/content_semantics/tex/tex-research-control-localization-source-basis-axiom-selector-domain-smuggling-audit.txt,content_semantics,content_semantic_extract,generated_noncanonical,agents,ca6e71b24768e6597c48543d3eaa0cfed91949b2de2ab6f1822c10f09737d7a3,TEX-RESEARCH-CONTROL-LOCALIZATION-SOURCE-BASIS-AXIOM-SELECTOR-DOMAIN-SMUGGLING-AUDIT,TEX-RESEARCH-CONTROL-LOCALIZATION-SOURCE-BASIS-AXIOM-SELECTOR-DOMAIN-SMUGGLING-AUDIT,,obsidian-wiki,PASS,2026-06-10T00:08:19Z,Generated deterministic content semantics for local agent retrieval.,TEX-RESEARCH-CONTROL-LOCALIZATION-SOURCE-BASIS-AXIOM-SELECTOR-DOMAIN-SMUGGLING-AUDIT,TEX_SOURCE_REGISTRY.csv,tex,PASS,ca6e71b24768e6597c48543d3eaa0cfed91949b2de2ab6f1822c10f09737d7a3,.local/content_semantics/tex/tex-research-control-localization-source-basis-axiom-selector-domain-smuggling-audit.txt,24183,0,"[""Scope and Audit Standard"",""Positive Transparency Screen"",""Audit Verdict"",""Next Burden"",""References""]",[],[],[],[],0,,2026-06-10T00:08:19Z
SEMANTIC-TEX-RESEARCH-CONTROL-LOCALIZATION-SOURCE-BASIS-AXIOM-SMUGGLING-AUDIT,.local/content_semantics/tex/tex-research-control-localization-source-basis-axiom-smuggling-audit.txt,content_semantics,content_semantic_extract,generated_noncanonical,agents,ee6e9adef57e27d6905e4dee2004735474057ff24f0115b1072873697350c5ec,TEX-RESEARCH-CONTROL-LOCALIZATION-SOURCE-BASIS-AXIOM-SMUGGLING-AUDIT,TEX-RESEARCH-CONTROL-LOCALIZATION-SOURCE-BASIS-AXIOM-SMUGGLING-AUDIT,,obsidian-wiki,PASS,2026-06-09T13:44:06Z,Generated deterministic content semantics for local agent retrieval.,TEX-RESEARCH-CONTROL-LOCALIZATION-SOURCE-BASIS-AXIOM-SMUGGLING-AUDIT,TEX_SOURCE_REGISTRY.csv,tex,PASS,ee6e9adef57e27d6905e4dee2004735474057ff24f0115b1072873697350c5ec,.local/content_semantics/tex/tex-research-control-localization-source-basis-axiom-smuggling-audit.txt,22177,0,"[""Scope and Audit Standard"",""Positive Transparency Screen"",""A0 and A1: Presentation and Transition Risks"",""A2: Perturbation and Discriminator Risks"",""A3: Response-Algebra and Rank Risks"",""A4: Clock-Transport Risks"",""Audit Verdict"",""Next Burden"",""References""]",[],[],[],[],0,,2026-06-09T13:44:06Z
SEMANTIC-TEX-RESEARCH-CONTROL-LOCALIZATION-SOURCE-BASIS-CONSERVATIVITY-REFUTATION,.local/content_semantics/tex/tex-research-control-localization-source-basis-conservativity-refutation.txt,content_semantics,content_semantic_extract,generated_noncanonical,agents,57f0f21cfc771611751b1cde02134cfa337217b78d0d2a393027dc3822291c25,TEX-RESEARCH-CONTROL-LOCALIZATION-SOURCE-BASIS-CONSERVATIVITY-REFUTATION,TEX-RESEARCH-CONTROL-LOCALIZATION-SOURCE-BASIS-CONSERVATIVITY-REFUTATION,,obsidian-wiki,PASS,2026-06-09T00:41:14Z,Generated deterministic content semantics for local agent retrieval.,TEX-RESEARCH-CONTROL-LOCALIZATION-SOURCE-BASIS-CONSERVATIVITY-REFUTATION,TEX_SOURCE_REGISTRY.csv,tex,PASS,57f0f21cfc771611751b1cde02134cfa337217b78d0d2a393027dc3822291c25,.local/content_semantics/tex/tex-research-control-localization-source-basis-conservativity-refutation.txt,21201,0,"[""Scope and Refutation Standard"",""Transition and Adjacency Nonconservativity"",""Perturbation and Discriminator Nonconservativity"",""Response-Rank Nonconservativity"",""Clock-Transport Nonconservativity"",""Local Verdict"",""Next Burden"",""References""]",[],[],[],[],0,,2026-06-09T00:41:14Z
SEMANTIC-TEX-RESEARCH-CONTROL-LOCALIZATION-SOURCE-BASIS-FORMALIZATION,.local/content_semantics/tex/tex-research-control-localization-source-basis-formalization.txt,content_semantics,content_semantic_extract,generated_noncanonical,agents,831a90db1dbf7ebebf8fb2b84fefd73253f783db9bbbd0c29d7cac4ff4ba09f1,TEX-RESEARCH-CONTROL-LOCALIZATION-SOURCE-BASIS-FORMALIZATION,TEX-RESEARCH-CONTROL-LOCALIZATION-SOURCE-BASIS-FORMALIZATION,,obsidian-wiki,PASS,2026-06-09T00:19:46Z,Generated deterministic content semantics for local agent retrieval.,TEX-RESEARCH-CONTROL-LOCALIZATION-SOURCE-BASIS-FORMALIZATION,TEX_SOURCE_REGISTRY.csv,tex,PASS,831a90db1dbf7ebebf8fb2b84fefd73253f783db9bbbd0c29d7cac4ff4ba09f1,.local/content_semantics/tex/tex-research-control-localization-source-basis-formalization.txt,28656,0,"[""Scope and Conservative Standard"",""Source-Basis Packet"",""Order Without Tuned First-Response Intervals"",""Source Adjacency and Boundary Topology"",""Perturbation and Response Admissibility"",""Response-Mode Algebra and Rank"",""Clock-Cycle Equivalence and Transport"",""Dimensional and Invariance Ledger"",""Limitations"",""Next Tests"",""Result"",""References""]",[],[],[],[],0,,2026-06-09T00:19:46Z
SEMANTIC-TEX-RESEARCH-CONTROL-LOCALIZATION-SOURCE-BASIS-SMUGGLING-AUDIT,.local/content_semantics/tex/tex-research-control-localization-source-basis-smuggling-audit.txt,content_semantics,content_semantic_extract,generated_noncanonical,agents,13f6a5e2830e66a5354ef2bd6ad3cc2cd86ac396898641168469bcfd5ef4d2da,TEX-RESEARCH-CONTROL-LOCALIZATION-SOURCE-BASIS-SMUGGLING-AUDIT,TEX-RESEARCH-CONTROL-LOCALIZATION-SOURCE-BASIS-SMUGGLING-AUDIT,,obsidian-wiki,PASS,2026-06-09T00:26:30Z,Generated deterministic content semantics for local agent retrieval.,TEX-RESEARCH-CONTROL-LOCALIZATION-SOURCE-BASIS-SMUGGLING-AUDIT,TEX_SOURCE_REGISTRY.csv,tex,PASS,13f6a5e2830e66a5354ef2bd6ad3cc2cd86ac396898641168469bcfd5ef4d2da,.local/content_semantics/tex/tex-research-control-localization-source-basis-smuggling-audit.txt,23261,0,"[""Scope and Audit Standard"",""Positive Explicit-Import Screen"",""Transition and Adjacency Risks"",""Order-Rank and Perturbation Risks"",""Response-Mode Rank Risks"",""Clock-Transport Risks"",""Ontology-Expansion Risk"",""Audit Verdict"",""Next Burden"",""References""]",[],[],[],[],0,,2026-06-09T00:26:30Z
SEMANTIC-TEX-RESEARCH-CONTROL-LOCALIZATION-SOURCE-REPAIR-PACKET,.local/content_semantics/tex/tex-research-control-localization-source-repair-packet.txt,content_semantics,content_semantic_extract,generated_noncanonical,agents,0310188383a33ee55b4872781bab0a4769e2eb1228948ea66621178507b63cf6,TEX-RESEARCH-CONTROL-LOCALIZATION-SOURCE-REPAIR-PACKET,TEX-RESEARCH-CONTROL-LOCALIZATION-SOURCE-REPAIR-PACKET,,obsidian-wiki,PASS,2026-06-08T23:58:56Z,Generated deterministic content semantics for local agent retrieval.,TEX-RESEARCH-CONTROL-LOCALIZATION-SOURCE-REPAIR-PACKET,TEX_SOURCE_REGISTRY.csv,tex,PASS,0310188383a33ee55b4872781bab0a4769e2eb1228948ea66621178507b63cf6,.local/content_semantics/tex/tex-research-control-localization-source-repair-packet.txt,21311,0,"[""Scope and Repair Standard"",""Repaired Data"",""Front Generation"",""Coincidence Response"",""Clock-Scale Calibration"",""Invariance Ledger"",""Benchmark Separation"",""Failure Tests for the Next Role"",""Status and Next Role"",""References""]",[],[],[],[],0,,2026-06-08T23:58:56Z
