object_id,path,format,role,authority_status,audience,source_hash,related_source,generated_from,generated_outputs,owner_skill,validation_status,last_validated_at,notes,source_object_id,source_registry,vault_root,vault_note_path,vault_raw_path,vault_attachment_path,vault_index_path,sync_status,synced_at
VAULT-HTML-AETHER-FLOW-ONTOLOGY-EXPLAINER,.local/obsidian/aether-flow-wiki/02_sources/html/html-aether-flow-ontology-explainer.md,obsidian_note,generated_memory_note,generated_noncanonical,humans_and_agents,5cb24e09a52b42d91872ce4a8e731c1e59cea8c8d19ab12a14e036df72a3d578,HTML-AETHER-FLOW-ONTOLOGY-EXPLAINER,HTML-AETHER-FLOW-ONTOLOGY-EXPLAINER,,obsidian-wiki,PASS,2026-06-12T04:49:35Z,Generated local Obsidian memory note; not canonical authority.,HTML-AETHER-FLOW-ONTOLOGY-EXPLAINER,HTML_EXPLAINER_REGISTRY.csv,.local/obsidian/aether-flow-wiki,.local/obsidian/aether-flow-wiki/02_sources/html/html-aether-flow-ontology-explainer.md,.local/obsidian/aether-flow-wiki/01_raw/html/html-aether-flow-ontology-explainer.html,,.local/obsidian/aether-flow-wiki/03_indexes/by-format-html.md,local_generated,2026-06-12T04:49:35Z
VAULT-HTML-CLAIM-GATES-EXPLAINER,.local/obsidian/aether-flow-wiki/02_sources/html/html-claim-gates-explainer.md,obsidian_note,generated_memory_note,generated_noncanonical,humans_and_agents,b484a4a6cf6095a2fbfab207e9843563a64085dbb75c6bba3bbf54f1071c6a3e,HTML-CLAIM-GATES-EXPLAINER,HTML-CLAIM-GATES-EXPLAINER,,obsidian-wiki,PASS,2026-06-12T04:49:35Z,Generated local Obsidian memory note; not canonical authority.,HTML-CLAIM-GATES-EXPLAINER,HTML_EXPLAINER_REGISTRY.csv,.local/obsidian/aether-flow-wiki,.local/obsidian/aether-flow-wiki/02_sources/html/html-claim-gates-explainer.md,.local/obsidian/aether-flow-wiki/01_raw/html/html-claim-gates-explainer.html,,.local/obsidian/aether-flow-wiki/03_indexes/by-format-html.md,local_generated,2026-06-12T04:49:35Z
VAULT-HTML-MEMORY-SYSTEM-EXPLAINER,.local/obsidian/aether-flow-wiki/02_sources/html/html-memory-system-explainer.md,obsidian_note,generated_memory_note,generated_noncanonical,humans_and_agents,486fbd6be88aacdf548ac4d90fea47e7f0dd87b20e41e401f96714fadcd73f1b,HTML-MEMORY-SYSTEM-EXPLAINER,HTML-MEMORY-SYSTEM-EXPLAINER,,obsidian-wiki,PASS,2026-06-12T04:49:35Z,Generated local Obsidian memory note; not canonical authority.,HTML-MEMORY-SYSTEM-EXPLAINER,HTML_EXPLAINER_REGISTRY.csv,.local/obsidian/aether-flow-wiki,.local/obsidian/aether-flow-wiki/02_sources/html/html-memory-system-explainer.md,.local/obsidian/aether-flow-wiki/01_raw/html/html-memory-system-explainer.html,,.local/obsidian/aether-flow-wiki/03_indexes/by-format-html.md,local_generated,2026-06-12T04:49:35Z
VAULT-HTML-PROJECT-OVERVIEW-EXPLAINER,.local/obsidian/aether-flow-wiki/02_sources/html/html-project-overview-explainer.md,obsidian_note,generated_memory_note,generated_noncanonical,humans_and_agents,45d197226737b2be4427087913f75a6ad6f0cccbb11ec6848513695c24164b62,HTML-PROJECT-OVERVIEW-EXPLAINER,HTML-PROJECT-OVERVIEW-EXPLAINER,,obsidian-wiki,PASS,2026-06-12T04:49:35Z,Generated local Obsidian memory note; not canonical authority.,HTML-PROJECT-OVERVIEW-EXPLAINER,HTML_EXPLAINER_REGISTRY.csv,.local/obsidian/aether-flow-wiki,.local/obsidian/aether-flow-wiki/02_sources/html/html-project-overview-explainer.md,.local/obsidian/aether-flow-wiki/01_raw/html/html-project-overview-explainer.html,,.local/obsidian/aether-flow-wiki/03_indexes/by-format-html.md,local_generated,2026-06-12T04:49:35Z
VAULT-HTML-RESEARCH-AGENT-WORKFLOW-EXPLAINER,.local/obsidian/aether-flow-wiki/02_sources/html/html-research-agent-workflow-explainer.md,obsidian_note,generated_memory_note,generated_noncanonical,humans_and_agents,c1c720697dc048ff683efdb08c3032c439433e6726f967b2d93e34efd29fbc4a,HTML-RESEARCH-AGENT-WORKFLOW-EXPLAINER,HTML-RESEARCH-AGENT-WORKFLOW-EXPLAINER,,obsidian-wiki,PASS,2026-06-12T04:49:35Z,Generated local Obsidian memory note; not canonical authority.,HTML-RESEARCH-AGENT-WORKFLOW-EXPLAINER,HTML_EXPLAINER_REGISTRY.csv,.local/obsidian/aether-flow-wiki,.local/obsidian/aether-flow-wiki/02_sources/html/html-research-agent-workflow-explainer.md,.local/obsidian/aether-flow-wiki/01_raw/html/html-research-agent-workflow-explainer.html,,.local/obsidian/aether-flow-wiki/03_indexes/by-format-html.md,local_generated,2026-06-12T04:49:35Z
VAULT-HTML-RESEARCH-CONTROL-SYSTEM-EXPLAINER,.local/obsidian/aether-flow-wiki/02_sources/html/html-research-control-system-explainer.md,obsidian_note,generated_memory_note,generated_noncanonical,humans_and_agents,c817bd639c1894c3a46014195342073e84d1a734fe2f743d6d63cab5c0df41e4,HTML-RESEARCH-CONTROL-SYSTEM-EXPLAINER,HTML-RESEARCH-CONTROL-SYSTEM-EXPLAINER,,obsidian-wiki,PASS,2026-06-12T04:49:35Z,Generated local Obsidian memory note; not canonical authority.,HTML-RESEARCH-CONTROL-SYSTEM-EXPLAINER,HTML_EXPLAINER_REGISTRY.csv,.local/obsidian/aether-flow-wiki,.local/obsidian/aether-flow-wiki/02_sources/html/html-research-control-system-explainer.md,.local/obsidian/aether-flow-wiki/01_raw/html/html-research-control-system-explainer.html,,.local/obsidian/aether-flow-wiki/03_indexes/by-format-html.md,local_generated,2026-06-12T04:49:35Z
VAULT-HTML-ROLE-ROUTING-EXPLAINER,.local/obsidian/aether-flow-wiki/02_sources/html/html-role-routing-explainer.md,obsidian_note,generated_memory_note,generated_noncanonical,humans_and_agents,b89bf436bf482625180aeba57bfb18ec95a568a98e65869dbe31ddc0ab0e2b7e,HTML-ROLE-ROUTING-EXPLAINER,HTML-ROLE-ROUTING-EXPLAINER,,obsidian-wiki,PASS,2026-06-12T04:49:35Z,Generated local Obsidian memory note; not canonical authority.,HTML-ROLE-ROUTING-EXPLAINER,HTML_EXPLAINER_REGISTRY.csv,.local/obsidian/aether-flow-wiki,.local/obsidian/aether-flow-wiki/02_sources/html/html-role-routing-explainer.md,.local/obsidian/aether-flow-wiki/01_raw/html/html-role-routing-explainer.html,,.local/obsidian/aether-flow-wiki/03_indexes/by-format-html.md,local_generated,2026-06-12T04:49:35Z
VAULT-HTML-ROLES-AND-SKILLS-EXPLAINER,.local/obsidian/aether-flow-wiki/02_sources/html/html-roles-and-skills-explainer.md,obsidian_note,generated_memory_note,generated_noncanonical,humans_and_agents,d013c47488714b23ab2c2966e9056d39d881b09f00d29c04dd57b94e6107319b,HTML-ROLES-AND-SKILLS-EXPLAINER,HTML-ROLES-AND-SKILLS-EXPLAINER,,obsidian-wiki,PASS,2026-06-12T04:49:35Z,Generated local Obsidian memory note; not canonical authority.,HTML-ROLES-AND-SKILLS-EXPLAINER,HTML_EXPLAINER_REGISTRY.csv,.local/obsidian/aether-flow-wiki,.local/obsidian/aether-flow-wiki/02_sources/html/html-roles-and-skills-explainer.md,.local/obsidian/aether-flow-wiki/01_raw/html/html-roles-and-skills-explainer.html,,.local/obsidian/aether-flow-wiki/03_indexes/by-format-html.md,local_generated,2026-06-12T04:49:35Z
VAULT-HTML-SOURCE-AUTHORITY-EXPLAINER,.local/obsidian/aether-flow-wiki/02_sources/html/html-source-authority-explainer.md,obsidian_note,generated_memory_note,generated_noncanonical,humans_and_agents,615a177796aa5c0e1be982a03a49ab9d1000d12945a574954e4c1517b18aee9f,HTML-SOURCE-AUTHORITY-EXPLAINER,HTML-SOURCE-AUTHORITY-EXPLAINER,,obsidian-wiki,PASS,2026-06-12T04:49:35Z,Generated local Obsidian memory note; not canonical authority.,HTML-SOURCE-AUTHORITY-EXPLAINER,HTML_EXPLAINER_REGISTRY.csv,.local/obsidian/aether-flow-wiki,.local/obsidian/aether-flow-wiki/02_sources/html/html-source-authority-explainer.md,.local/obsidian/aether-flow-wiki/01_raw/html/html-source-authority-explainer.html,,.local/obsidian/aether-flow-wiki/03_indexes/by-format-html.md,local_generated,2026-06-12T04:49:35Z
VAULT-HTML-TECHNICAL-REQUIREMENTS-EXPLAINER,.local/obsidian/aether-flow-wiki/02_sources/html/html-technical-requirements-explainer.md,obsidian_note,generated_memory_note,generated_noncanonical,humans_and_agents,e6fc4ee13ef27bd2bb29d742be5f8e8d1e20c0f0281596b60ac9ec980317e9d1,HTML-TECHNICAL-REQUIREMENTS-EXPLAINER,HTML-TECHNICAL-REQUIREMENTS-EXPLAINER,,obsidian-wiki,PASS,2026-06-12T04:49:35Z,Generated local Obsidian memory note; not canonical authority.,HTML-TECHNICAL-REQUIREMENTS-EXPLAINER,HTML_EXPLAINER_REGISTRY.csv,.local/obsidian/aether-flow-wiki,.local/obsidian/aether-flow-wiki/02_sources/html/html-technical-requirements-explainer.md,.local/obsidian/aether-flow-wiki/01_raw/html/html-technical-requirements-explainer.html,,.local/obsidian/aether-flow-wiki/03_indexes/by-format-html.md,local_generated,2026-06-12T04:49:35Z
VAULT-MD-AETHER-FLOW-INTERPRETATION-LEMEN,.local/obsidian/aether-flow-wiki/02_sources/markdown/md-aether-flow-interpretation-lemen.md,obsidian_note,generated_memory_note,generated_noncanonical,humans_and_agents,4ee8f4e889ad433f7d167442e25a47db061743c4b6ccf4528230f6db919d8e23,MD-AETHER-FLOW-INTERPRETATION-LEMEN,MD-AETHER-FLOW-INTERPRETATION-LEMEN,,obsidian-wiki,PASS,2026-06-12T00:43:10Z,Generated local Obsidian memory note; not canonical authority.,MD-AETHER-FLOW-INTERPRETATION-LEMEN,MARKDOWN_SOURCE_REGISTRY.csv,.local/obsidian/aether-flow-wiki,.local/obsidian/aether-flow-wiki/02_sources/markdown/md-aether-flow-interpretation-lemen.md,.local/obsidian/aether-flow-wiki/01_raw/markdown/md-aether-flow-interpretation-lemen.md,,.local/obsidian/aether-flow-wiki/03_indexes/by-format-markdown.md,local_generated,2026-06-12T00:43:10Z
VAULT-MD-AGENTS,.local/obsidian/aether-flow-wiki/02_sources/markdown/md-agents.md,obsidian_note,generated_memory_note,generated_noncanonical,humans_and_agents,96151d1a6dd1a7c9455853b19231dc3ca81ef6afe59b765685989ad456f72827,MD-AGENTS,MD-AGENTS,,obsidian-wiki,PASS,2026-06-10T19:37:31Z,Generated local Obsidian memory note; not canonical authority.,MD-AGENTS,MARKDOWN_SOURCE_REGISTRY.csv,.local/obsidian/aether-flow-wiki,.local/obsidian/aether-flow-wiki/02_sources/markdown/md-agents.md,.local/obsidian/aether-flow-wiki/01_raw/markdown/md-agents.md,,.local/obsidian/aether-flow-wiki/03_indexes/by-format-markdown.md,local_generated,2026-06-10T19:37:31Z
VAULT-MD-AGENTS-AGENTS,.local/obsidian/aether-flow-wiki/02_sources/markdown/md-agents-agents.md,obsidian_note,generated_memory_note,generated_noncanonical,humans_and_agents,37f37011b22aee8091f72f4edc8a6d04997a512781f652a5d24db80e3dbe4ce8,MD-AGENTS-AGENTS,MD-AGENTS-AGENTS,,obsidian-wiki,PASS,2026-06-10T02:34:32Z,Generated local Obsidian memory note; not canonical authority.,MD-AGENTS-AGENTS,MARKDOWN_SOURCE_REGISTRY.csv,.local/obsidian/aether-flow-wiki,.local/obsidian/aether-flow-wiki/02_sources/markdown/md-agents-agents.md,.local/obsidian/aether-flow-wiki/01_raw/markdown/md-agents-agents.md,,.local/obsidian/aether-flow-wiki/03_indexes/by-format-markdown.md,local_generated,2026-06-10T02:34:32Z
VAULT-MD-AGENTS-RESEARCH-CONTROL,.local/obsidian/aether-flow-wiki/02_sources/markdown/md-agents-research-control.md,obsidian_note,generated_memory_note,generated_noncanonical,humans_and_agents,c69587b4bd8447ee6a4dcb082a8e0d4b7a16cdb7b0fc18bff4dfcfef7f602891,MD-AGENTS-RESEARCH-CONTROL,MD-AGENTS-RESEARCH-CONTROL,,obsidian-wiki,PASS,2026-06-10T18:23:33Z,Generated local Obsidian memory note; not canonical authority.,MD-AGENTS-RESEARCH-CONTROL,MARKDOWN_SOURCE_REGISTRY.csv,.local/obsidian/aether-flow-wiki,.local/obsidian/aether-flow-wiki/02_sources/markdown/md-agents-research-control.md,.local/obsidian/aether-flow-wiki/01_raw/markdown/md-agents-research-control.md,,.local/obsidian/aether-flow-wiki/03_indexes/by-format-markdown.md,local_generated,2026-06-10T18:23:33Z
VAULT-MD-HTML-SPEC-AETHER-FLOW-ONTOLOGY-EXPLAINER,.local/obsidian/aether-flow-wiki/02_sources/markdown/md-html-spec-aether-flow-ontology-explainer.md,obsidian_note,generated_memory_note,generated_noncanonical,humans_and_agents,40b83d87353f008c01a376234d9ff63b1c259505cfc0d942fc1bc5530f082e96,MD-HTML-SPEC-AETHER-FLOW-ONTOLOGY-EXPLAINER,MD-HTML-SPEC-AETHER-FLOW-ONTOLOGY-EXPLAINER,,obsidian-wiki,PASS,2026-06-12T04:45:16Z,Generated local Obsidian memory note; not canonical authority.,MD-HTML-SPEC-AETHER-FLOW-ONTOLOGY-EXPLAINER,MARKDOWN_SOURCE_REGISTRY.csv,.local/obsidian/aether-flow-wiki,.local/obsidian/aether-flow-wiki/02_sources/markdown/md-html-spec-aether-flow-ontology-explainer.md,.local/obsidian/aether-flow-wiki/01_raw/markdown/md-html-spec-aether-flow-ontology-explainer.md,,.local/obsidian/aether-flow-wiki/03_indexes/by-format-markdown.md,local_generated,2026-06-12T04:45:16Z
VAULT-MD-HTML-SPEC-CLAIM-GATES-EXPLAINER,.local/obsidian/aether-flow-wiki/02_sources/markdown/md-html-spec-claim-gates-explainer.md,obsidian_note,generated_memory_note,generated_noncanonical,humans_and_agents,81fae647c00386e9664fc12102ff0ca036e9f9b0532bba57005b7edebca3c337,MD-HTML-SPEC-CLAIM-GATES-EXPLAINER,MD-HTML-SPEC-CLAIM-GATES-EXPLAINER,,obsidian-wiki,PASS,2026-06-12T04:45:16Z,Generated local Obsidian memory note; not canonical authority.,MD-HTML-SPEC-CLAIM-GATES-EXPLAINER,MARKDOWN_SOURCE_REGISTRY.csv,.local/obsidian/aether-flow-wiki,.local/obsidian/aether-flow-wiki/02_sources/markdown/md-html-spec-claim-gates-explainer.md,.local/obsidian/aether-flow-wiki/01_raw/markdown/md-html-spec-claim-gates-explainer.md,,.local/obsidian/aether-flow-wiki/03_indexes/by-format-markdown.md,local_generated,2026-06-12T04:45:16Z
VAULT-MD-HTML-SPEC-MEMORY-SYSTEM-EXPLAINER,.local/obsidian/aether-flow-wiki/02_sources/markdown/md-html-spec-memory-system-explainer.md,obsidian_note,generated_memory_note,generated_noncanonical,humans_and_agents,b3b7d3ddd62be13e300f8c80406bbc7cb53e64c24c7867e23b23cfd0a99d3a4e,MD-HTML-SPEC-MEMORY-SYSTEM-EXPLAINER,MD-HTML-SPEC-MEMORY-SYSTEM-EXPLAINER,,obsidian-wiki,PASS,2026-06-12T04:45:16Z,Generated local Obsidian memory note; not canonical authority.,MD-HTML-SPEC-MEMORY-SYSTEM-EXPLAINER,MARKDOWN_SOURCE_REGISTRY.csv,.local/obsidian/aether-flow-wiki,.local/obsidian/aether-flow-wiki/02_sources/markdown/md-html-spec-memory-system-explainer.md,.local/obsidian/aether-flow-wiki/01_raw/markdown/md-html-spec-memory-system-explainer.md,,.local/obsidian/aether-flow-wiki/03_indexes/by-format-markdown.md,local_generated,2026-06-12T04:45:16Z
VAULT-MD-HTML-SPEC-PROJECT-OVERVIEW-EXPLAINER,.local/obsidian/aether-flow-wiki/02_sources/markdown/md-html-spec-project-overview-explainer.md,obsidian_note,generated_memory_note,generated_noncanonical,humans_and_agents,7977a4d56cab801d5dca35307cdcd09520eb3dfb8130d71f680f2dba80a58f38,MD-HTML-SPEC-PROJECT-OVERVIEW-EXPLAINER,MD-HTML-SPEC-PROJECT-OVERVIEW-EXPLAINER,,obsidian-wiki,PASS,2026-06-12T04:45:16Z,Generated local Obsidian memory note; not canonical authority.,MD-HTML-SPEC-PROJECT-OVERVIEW-EXPLAINER,MARKDOWN_SOURCE_REGISTRY.csv,.local/obsidian/aether-flow-wiki,.local/obsidian/aether-flow-wiki/02_sources/markdown/md-html-spec-project-overview-explainer.md,.local/obsidian/aether-flow-wiki/01_raw/markdown/md-html-spec-project-overview-explainer.md,,.local/obsidian/aether-flow-wiki/03_indexes/by-format-markdown.md,local_generated,2026-06-12T04:45:16Z
VAULT-MD-HTML-SPEC-RESEARCH-AGENT-WORKFLOW-EXPLAINER,.local/obsidian/aether-flow-wiki/02_sources/markdown/md-html-spec-research-agent-workflow-explainer.md,obsidian_note,generated_memory_note,generated_noncanonical,humans_and_agents,8c7bcd06ec93727c3282427ca4dc627f177a75998e6ebc72f9f70a8b9ead566d,MD-HTML-SPEC-RESEARCH-AGENT-WORKFLOW-EXPLAINER,MD-HTML-SPEC-RESEARCH-AGENT-WORKFLOW-EXPLAINER,,obsidian-wiki,PASS,2026-06-12T04:45:16Z,Generated local Obsidian memory note; not canonical authority.,MD-HTML-SPEC-RESEARCH-AGENT-WORKFLOW-EXPLAINER,MARKDOWN_SOURCE_REGISTRY.csv,.local/obsidian/aether-flow-wiki,.local/obsidian/aether-flow-wiki/02_sources/markdown/md-html-spec-research-agent-workflow-explainer.md,.local/obsidian/aether-flow-wiki/01_raw/markdown/md-html-spec-research-agent-workflow-explainer.md,,.local/obsidian/aether-flow-wiki/03_indexes/by-format-markdown.md,local_generated,2026-06-12T04:45:16Z
VAULT-MD-HTML-SPEC-RESEARCH-CONTROL-SYSTEM-EXPLAINER,.local/obsidian/aether-flow-wiki/02_sources/markdown/md-html-spec-research-control-system-explainer.md,obsidian_note,generated_memory_note,generated_noncanonical,humans_and_agents,af2532957a350e86e166c71bbe84d83926739300842a8fefaa4b747a2920df78,MD-HTML-SPEC-RESEARCH-CONTROL-SYSTEM-EXPLAINER,MD-HTML-SPEC-RESEARCH-CONTROL-SYSTEM-EXPLAINER,,obsidian-wiki,PASS,2026-06-12T04:45:16Z,Generated local Obsidian memory note; not canonical authority.,MD-HTML-SPEC-RESEARCH-CONTROL-SYSTEM-EXPLAINER,MARKDOWN_SOURCE_REGISTRY.csv,.local/obsidian/aether-flow-wiki,.local/obsidian/aether-flow-wiki/02_sources/markdown/md-html-spec-research-control-system-explainer.md,.local/obsidian/aether-flow-wiki/01_raw/markdown/md-html-spec-research-control-system-explainer.md,,.local/obsidian/aether-flow-wiki/03_indexes/by-format-markdown.md,local_generated,2026-06-12T04:45:16Z
VAULT-MD-HTML-SPEC-ROLE-ROUTING-EXPLAINER,.local/obsidian/aether-flow-wiki/02_sources/markdown/md-html-spec-role-routing-explainer.md,obsidian_note,generated_memory_note,generated_noncanonical,humans_and_agents,0c72225983266aae9b37e087dc30c2d494d6ace69e1cabab810ffa41c4911f96,MD-HTML-SPEC-ROLE-ROUTING-EXPLAINER,MD-HTML-SPEC-ROLE-ROUTING-EXPLAINER,,obsidian-wiki,PASS,2026-06-12T04:45:16Z,Generated local Obsidian memory note; not canonical authority.,MD-HTML-SPEC-ROLE-ROUTING-EXPLAINER,MARKDOWN_SOURCE_REGISTRY.csv,.local/obsidian/aether-flow-wiki,.local/obsidian/aether-flow-wiki/02_sources/markdown/md-html-spec-role-routing-explainer.md,.local/obsidian/aether-flow-wiki/01_raw/markdown/md-html-spec-role-routing-explainer.md,,.local/obsidian/aether-flow-wiki/03_indexes/by-format-markdown.md,local_generated,2026-06-12T04:45:16Z
VAULT-MD-HTML-SPEC-ROLES-AND-SKILLS-EXPLAINER,.local/obsidian/aether-flow-wiki/02_sources/markdown/md-html-spec-roles-and-skills-explainer.md,obsidian_note,generated_memory_note,generated_noncanonical,humans_and_agents,c1a47250e5a08eb0745dfed24fc0d03c8e423862d87f459371f972cce1f30dce,MD-HTML-SPEC-ROLES-AND-SKILLS-EXPLAINER,MD-HTML-SPEC-ROLES-AND-SKILLS-EXPLAINER,,obsidian-wiki,PASS,2026-06-12T04:45:16Z,Generated local Obsidian memory note; not canonical authority.,MD-HTML-SPEC-ROLES-AND-SKILLS-EXPLAINER,MARKDOWN_SOURCE_REGISTRY.csv,.local/obsidian/aether-flow-wiki,.local/obsidian/aether-flow-wiki/02_sources/markdown/md-html-spec-roles-and-skills-explainer.md,.local/obsidian/aether-flow-wiki/01_raw/markdown/md-html-spec-roles-and-skills-explainer.md,,.local/obsidian/aether-flow-wiki/03_indexes/by-format-markdown.md,local_generated,2026-06-12T04:45:16Z
VAULT-MD-HTML-SPEC-SOURCE-AUTHORITY-EXPLAINER,.local/obsidian/aether-flow-wiki/02_sources/markdown/md-html-spec-source-authority-explainer.md,obsidian_note,generated_memory_note,generated_noncanonical,humans_and_agents,20ca7ec2169497e8cde6056ebc52c77d72aa3df54a4b14321c0c8d811c2f1d60,MD-HTML-SPEC-SOURCE-AUTHORITY-EXPLAINER,MD-HTML-SPEC-SOURCE-AUTHORITY-EXPLAINER,,obsidian-wiki,PASS,2026-06-12T04:45:16Z,Generated local Obsidian memory note; not canonical authority.,MD-HTML-SPEC-SOURCE-AUTHORITY-EXPLAINER,MARKDOWN_SOURCE_REGISTRY.csv,.local/obsidian/aether-flow-wiki,.local/obsidian/aether-flow-wiki/02_sources/markdown/md-html-spec-source-authority-explainer.md,.local/obsidian/aether-flow-wiki/01_raw/markdown/md-html-spec-source-authority-explainer.md,,.local/obsidian/aether-flow-wiki/03_indexes/by-format-markdown.md,local_generated,2026-06-12T04:45:16Z
VAULT-MD-HTML-SPEC-TECHNICAL-REQUIREMENTS-EXPLAINER,.local/obsidian/aether-flow-wiki/02_sources/markdown/md-html-spec-technical-requirements-explainer.md,obsidian_note,generated_memory_note,generated_noncanonical,humans_and_agents,405380df340a16ca3b627ef7d6945f33ad016705a17fc50fa450ff8c51ee6b55,MD-HTML-SPEC-TECHNICAL-REQUIREMENTS-EXPLAINER,MD-HTML-SPEC-TECHNICAL-REQUIREMENTS-EXPLAINER,,obsidian-wiki,PASS,2026-06-12T04:45:16Z,Generated local Obsidian memory note; not canonical authority.,MD-HTML-SPEC-TECHNICAL-REQUIREMENTS-EXPLAINER,MARKDOWN_SOURCE_REGISTRY.csv,.local/obsidian/aether-flow-wiki,.local/obsidian/aether-flow-wiki/02_sources/markdown/md-html-spec-technical-requirements-explainer.md,.local/obsidian/aether-flow-wiki/01_raw/markdown/md-html-spec-technical-requirements-explainer.md,,.local/obsidian/aether-flow-wiki/03_indexes/by-format-markdown.md,local_generated,2026-06-12T04:45:16Z
VAULT-MD-ONTOLOGY-AETHER-AND-AETHER-FLOW,.local/obsidian/aether-flow-wiki/02_sources/markdown/md-ontology-aether-and-aether-flow.md,obsidian_note,generated_memory_note,generated_noncanonical,humans_and_agents,b8e17df2354ab0fe3cae04e43940f787dd187dd67f0f40e978de080983ac6edc,MD-ONTOLOGY-AETHER-AND-AETHER-FLOW,MD-ONTOLOGY-AETHER-AND-AETHER-FLOW,,obsidian-wiki,PASS,2026-06-11T23:42:48Z,Generated local Obsidian memory note; not canonical authority.,MD-ONTOLOGY-AETHER-AND-AETHER-FLOW,MARKDOWN_SOURCE_REGISTRY.csv,.local/obsidian/aether-flow-wiki,.local/obsidian/aether-flow-wiki/02_sources/markdown/md-ontology-aether-and-aether-flow.md,.local/obsidian/aether-flow-wiki/01_raw/markdown/md-ontology-aether-and-aether-flow.md,,.local/obsidian/aether-flow-wiki/03_indexes/by-format-markdown.md,local_generated,2026-06-11T23:42:48Z
VAULT-MD-PROJECT-CONTROL-GRILL-MEMORY-WIKI-REGISTRY-DESIGN-HANDOFF,.local/obsidian/aether-flow-wiki/02_sources/markdown/md-project-control-grill-memory-wiki-registry-design-handoff.md,obsidian_note,generated_memory_note,generated_noncanonical,humans_and_agents,4d012e7abc260a48746a27b33fccfff832d65fdde8c862111e5fd36d4a36bdb0,MD-PROJECT-CONTROL-GRILL-MEMORY-WIKI-REGISTRY-DESIGN-HANDOFF,MD-PROJECT-CONTROL-GRILL-MEMORY-WIKI-REGISTRY-DESIGN-HANDOFF,,obsidian-wiki,PASS,2026-06-08T01:55:35Z,Generated local Obsidian memory note; not canonical authority.,MD-PROJECT-CONTROL-GRILL-MEMORY-WIKI-REGISTRY-DESIGN-HANDOFF,MARKDOWN_SOURCE_REGISTRY.csv,.local/obsidian/aether-flow-wiki,.local/obsidian/aether-flow-wiki/02_sources/markdown/md-project-control-grill-memory-wiki-registry-design-handoff.md,.local/obsidian/aether-flow-wiki/01_raw/markdown/md-project-control-grill-memory-wiki-registry-design-handoff.md,,.local/obsidian/aether-flow-wiki/03_indexes/by-format-markdown.md,local_generated,2026-06-08T01:55:35Z
VAULT-MD-README,.local/obsidian/aether-flow-wiki/02_sources/markdown/md-readme.md,obsidian_note,generated_memory_note,generated_noncanonical,humans_and_agents,847eb356deb3280013c8d01869cd6f61790ccab0f1dbf1e204e2c8c94afd3a8f,MD-README,MD-README,,obsidian-wiki,PASS,2026-06-12T03:34:40Z,Generated local Obsidian memory note; not canonical authority.,MD-README,MARKDOWN_SOURCE_REGISTRY.csv,.local/obsidian/aether-flow-wiki,.local/obsidian/aether-flow-wiki/02_sources/markdown/md-readme.md,.local/obsidian/aether-flow-wiki/01_raw/markdown/md-readme.md,,.local/obsidian/aether-flow-wiki/03_indexes/by-format-markdown.md,local_generated,2026-06-12T03:34:40Z
VAULT-MD-README-RESEARCH-CONTROL,.local/obsidian/aether-flow-wiki/02_sources/markdown/md-readme-research-control.md,obsidian_note,generated_memory_note,generated_noncanonical,humans_and_agents,0f2139bee392a04812149ee4c79a3b438e0814570cca84241160c9ed82c20933,MD-README-RESEARCH-CONTROL,MD-README-RESEARCH-CONTROL,,obsidian-wiki,PASS,2026-06-10T19:37:31Z,Generated local Obsidian memory note; not canonical authority.,MD-README-RESEARCH-CONTROL,MARKDOWN_SOURCE_REGISTRY.csv,.local/obsidian/aether-flow-wiki,.local/obsidian/aether-flow-wiki/02_sources/markdown/md-readme-research-control.md,.local/obsidian/aether-flow-wiki/01_raw/markdown/md-readme-research-control.md,,.local/obsidian/aether-flow-wiki/03_indexes/by-format-markdown.md,local_generated,2026-06-10T19:37:31Z
VAULT-MD-README-RESEARCH-CONTROL-APPROVALS,.local/obsidian/aether-flow-wiki/02_sources/markdown/md-readme-research-control-approvals.md,obsidian_note,generated_memory_note,generated_noncanonical,humans_and_agents,aea32130ed70d3eedd75d651d5015968450b3cb375324bb3732c25958d227722,MD-README-RESEARCH-CONTROL-APPROVALS,MD-README-RESEARCH-CONTROL-APPROVALS,,obsidian-wiki,PASS,2026-06-10T02:34:32Z,Generated local Obsidian memory note; not canonical authority.,MD-README-RESEARCH-CONTROL-APPROVALS,MARKDOWN_SOURCE_REGISTRY.csv,.local/obsidian/aether-flow-wiki,.local/obsidian/aether-flow-wiki/02_sources/markdown/md-readme-research-control-approvals.md,.local/obsidian/aether-flow-wiki/01_raw/markdown/md-readme-research-control-approvals.md,,.local/obsidian/aether-flow-wiki/03_indexes/by-format-markdown.md,local_generated,2026-06-10T02:34:32Z
VAULT-MD-RESEARCH-CONTROL-DESIGN-DIRECTOR-LED-AGENT-ARCHITECTURE-GRILL-DECISIONS,.local/obsidian/aether-flow-wiki/02_sources/markdown/md-research-control-design-director-led-agent-architecture-grill-decisions.md,obsidian_note,generated_memory_note,generated_noncanonical,humans_and_agents,2a776e672d0246cdad5dbed03711f54e8a8e2bbbfeb8b4b0960950a7117f53af,MD-RESEARCH-CONTROL-DESIGN-DIRECTOR-LED-AGENT-ARCHITECTURE-GRILL-DECISIONS,MD-RESEARCH-CONTROL-DESIGN-DIRECTOR-LED-AGENT-ARCHITECTURE-GRILL-DECISIONS,,obsidian-wiki,PASS,2026-06-10T02:34:32Z,Generated local Obsidian memory note; not canonical authority.,MD-RESEARCH-CONTROL-DESIGN-DIRECTOR-LED-AGENT-ARCHITECTURE-GRILL-DECISIONS,MARKDOWN_SOURCE_REGISTRY.csv,.local/obsidian/aether-flow-wiki,.local/obsidian/aether-flow-wiki/02_sources/markdown/md-research-control-design-director-led-agent-architecture-grill-decisions.md,.local/obsidian/aether-flow-wiki/01_raw/markdown/md-research-control-design-director-led-agent-architecture-grill-decisions.md,,.local/obsidian/aether-flow-wiki/03_indexes/by-format-markdown.md,local_generated,2026-06-10T02:34:32Z
VAULT-MD-RESEARCH-CONTROL-DESIGN-HTML-EXPLAINER-FLEXIBLE-PRESENTATION-CONTRACT,.local/obsidian/aether-flow-wiki/02_sources/markdown/md-research-control-design-html-explainer-flexible-presentation-contract.md,obsidian_note,generated_memory_note,generated_noncanonical,humans_and_agents,ca5ba2dc5fe0559f77a9d8d504043003ee73a78f751f84a919b02fde22a67cbc,MD-RESEARCH-CONTROL-DESIGN-HTML-EXPLAINER-FLEXIBLE-PRESENTATION-CONTRACT,MD-RESEARCH-CONTROL-DESIGN-HTML-EXPLAINER-FLEXIBLE-PRESENTATION-CONTRACT,,obsidian-wiki,PASS,2026-06-12T03:34:40Z,Generated local Obsidian memory note; not canonical authority.,MD-RESEARCH-CONTROL-DESIGN-HTML-EXPLAINER-FLEXIBLE-PRESENTATION-CONTRACT,MARKDOWN_SOURCE_REGISTRY.csv,.local/obsidian/aether-flow-wiki,.local/obsidian/aether-flow-wiki/02_sources/markdown/md-research-control-design-html-explainer-flexible-presentation-contract.md,.local/obsidian/aether-flow-wiki/01_raw/markdown/md-research-control-design-html-explainer-flexible-presentation-contract.md,,.local/obsidian/aether-flow-wiki/03_indexes/by-format-markdown.md,local_generated,2026-06-12T03:34:40Z
VAULT-MD-ROLE-AGENTS-ROLES-PHYSICS-CANDIDATE-CONSTRUCTOR-V0-1-0-MD,.local/obsidian/aether-flow-wiki/02_sources/markdown/md-role-agents-roles-physics-candidate-constructor-v0-1-0-md.md,obsidian_note,generated_memory_note,generated_noncanonical,humans_and_agents,93ae4020e24bab6c93d26cd65561d0e91772560b8dd1942c48c67a9548784572,MD-ROLE-AGENTS-ROLES-PHYSICS-CANDIDATE-CONSTRUCTOR-V0-1-0-MD,MD-ROLE-AGENTS-ROLES-PHYSICS-CANDIDATE-CONSTRUCTOR-V0-1-0-MD,,obsidian-wiki,PASS,2026-06-10T02:34:32Z,Generated local Obsidian memory note; not canonical authority.,MD-ROLE-AGENTS-ROLES-PHYSICS-CANDIDATE-CONSTRUCTOR-V0-1-0-MD,MARKDOWN_SOURCE_REGISTRY.csv,.local/obsidian/aether-flow-wiki,.local/obsidian/aether-flow-wiki/02_sources/markdown/md-role-agents-roles-physics-candidate-constructor-v0-1-0-md.md,.local/obsidian/aether-flow-wiki/01_raw/markdown/md-role-agents-roles-physics-candidate-constructor-v0-1-0-md.md,,.local/obsidian/aether-flow-wiki/03_indexes/by-format-markdown.md,local_generated,2026-06-10T02:34:32Z
VAULT-MD-ROLE-AGENTS-ROLES-PHYSICS-GATE-CHAIR-V0-1-0-MD,.local/obsidian/aether-flow-wiki/02_sources/markdown/md-role-agents-roles-physics-gate-chair-v0-1-0-md.md,obsidian_note,generated_memory_note,generated_noncanonical,humans_and_agents,1da0c89d58b9459cefcd5e428723d862f5bed8548ed0adf47b1c27c46d91b680,MD-ROLE-AGENTS-ROLES-PHYSICS-GATE-CHAIR-V0-1-0-MD,MD-ROLE-AGENTS-ROLES-PHYSICS-GATE-CHAIR-V0-1-0-MD,,obsidian-wiki,PASS,2026-06-10T02:34:32Z,Generated local Obsidian memory note; not canonical authority.,MD-ROLE-AGENTS-ROLES-PHYSICS-GATE-CHAIR-V0-1-0-MD,MARKDOWN_SOURCE_REGISTRY.csv,.local/obsidian/aether-flow-wiki,.local/obsidian/aether-flow-wiki/02_sources/markdown/md-role-agents-roles-physics-gate-chair-v0-1-0-md.md,.local/obsidian/aether-flow-wiki/01_raw/markdown/md-role-agents-roles-physics-gate-chair-v0-1-0-md.md,,.local/obsidian/aether-flow-wiki/03_indexes/by-format-markdown.md,local_generated,2026-06-10T02:34:32Z
VAULT-MD-ROLE-AGENTS-ROLES-PHYSICS-ONTOLOGY-FORMALIZER-V0-1-0-MD,.local/obsidian/aether-flow-wiki/02_sources/markdown/md-role-agents-roles-physics-ontology-formalizer-v0-1-0-md.md,obsidian_note,generated_memory_note,generated_noncanonical,humans_and_agents,3403ff4dc196aa341b4b5e3fcfe289543bf37e8155c466063763e3549312dcef,MD-ROLE-AGENTS-ROLES-PHYSICS-ONTOLOGY-FORMALIZER-V0-1-0-MD,MD-ROLE-AGENTS-ROLES-PHYSICS-ONTOLOGY-FORMALIZER-V0-1-0-MD,,obsidian-wiki,PASS,2026-06-10T02:34:32Z,Generated local Obsidian memory note; not canonical authority.,MD-ROLE-AGENTS-ROLES-PHYSICS-ONTOLOGY-FORMALIZER-V0-1-0-MD,MARKDOWN_SOURCE_REGISTRY.csv,.local/obsidian/aether-flow-wiki,.local/obsidian/aether-flow-wiki/02_sources/markdown/md-role-agents-roles-physics-ontology-formalizer-v0-1-0-md.md,.local/obsidian/aether-flow-wiki/01_raw/markdown/md-role-agents-roles-physics-ontology-formalizer-v0-1-0-md.md,,.local/obsidian/aether-flow-wiki/03_indexes/by-format-markdown.md,local_generated,2026-06-10T02:34:32Z
VAULT-MD-ROLE-AGENTS-ROLES-PHYSICS-REFUTER-V0-1-0-MD,.local/obsidian/aether-flow-wiki/02_sources/markdown/md-role-agents-roles-physics-refuter-v0-1-0-md.md,obsidian_note,generated_memory_note,generated_noncanonical,humans_and_agents,d67870daa90c66779a5c33b82f745a3d71099ba6a1ed45063b0e02cd6dfff854,MD-ROLE-AGENTS-ROLES-PHYSICS-REFUTER-V0-1-0-MD,MD-ROLE-AGENTS-ROLES-PHYSICS-REFUTER-V0-1-0-MD,,obsidian-wiki,PASS,2026-06-10T02:34:32Z,Generated local Obsidian memory note; not canonical authority.,MD-ROLE-AGENTS-ROLES-PHYSICS-REFUTER-V0-1-0-MD,MARKDOWN_SOURCE_REGISTRY.csv,.local/obsidian/aether-flow-wiki,.local/obsidian/aether-flow-wiki/02_sources/markdown/md-role-agents-roles-physics-refuter-v0-1-0-md.md,.local/obsidian/aether-flow-wiki/01_raw/markdown/md-role-agents-roles-physics-refuter-v0-1-0-md.md,,.local/obsidian/aether-flow-wiki/03_indexes/by-format-markdown.md,local_generated,2026-06-10T02:34:32Z
VAULT-MD-ROLE-AGENTS-ROLES-PHYSICS-SMUGGLING-AUDITOR-V0-1-0-MD,.local/obsidian/aether-flow-wiki/02_sources/markdown/md-role-agents-roles-physics-smuggling-auditor-v0-1-0-md.md,obsidian_note,generated_memory_note,generated_noncanonical,humans_and_agents,ee7b02f6afbb419f6b22173b8f15c80b5f95ab2d728cbbc1f1f02b5e409b5cfd,MD-ROLE-AGENTS-ROLES-PHYSICS-SMUGGLING-AUDITOR-V0-1-0-MD,MD-ROLE-AGENTS-ROLES-PHYSICS-SMUGGLING-AUDITOR-V0-1-0-MD,,obsidian-wiki,PASS,2026-06-10T02:34:32Z,Generated local Obsidian memory note; not canonical authority.,MD-ROLE-AGENTS-ROLES-PHYSICS-SMUGGLING-AUDITOR-V0-1-0-MD,MARKDOWN_SOURCE_REGISTRY.csv,.local/obsidian/aether-flow-wiki,.local/obsidian/aether-flow-wiki/02_sources/markdown/md-role-agents-roles-physics-smuggling-auditor-v0-1-0-md.md,.local/obsidian/aether-flow-wiki/01_raw/markdown/md-role-agents-roles-physics-smuggling-auditor-v0-1-0-md.md,,.local/obsidian/aether-flow-wiki/03_indexes/by-format-markdown.md,local_generated,2026-06-10T02:34:32Z
VAULT-MD-ROLE-AGENTS-ROLES-RESEARCH-OPS-DIRECTOR-OF-RESEARCH-V0-1-0-MD,.local/obsidian/aether-flow-wiki/02_sources/markdown/md-role-agents-roles-research-ops-director-of-research-v0-1-0-md.md,obsidian_note,generated_memory_note,generated_noncanonical,humans_and_agents,a0b14933473b0e0f8cd0fd8fd2b24fbff9634f5f52279053d2c307e4d6bc42ea,MD-ROLE-AGENTS-ROLES-RESEARCH-OPS-DIRECTOR-OF-RESEARCH-V0-1-0-MD,MD-ROLE-AGENTS-ROLES-RESEARCH-OPS-DIRECTOR-OF-RESEARCH-V0-1-0-MD,,obsidian-wiki,PASS,2026-06-10T17:45:28Z,Generated local Obsidian memory note; not canonical authority.,MD-ROLE-AGENTS-ROLES-RESEARCH-OPS-DIRECTOR-OF-RESEARCH-V0-1-0-MD,MARKDOWN_SOURCE_REGISTRY.csv,.local/obsidian/aether-flow-wiki,.local/obsidian/aether-flow-wiki/02_sources/markdown/md-role-agents-roles-research-ops-director-of-research-v0-1-0-md.md,.local/obsidian/aether-flow-wiki/01_raw/markdown/md-role-agents-roles-research-ops-director-of-research-v0-1-0-md.md,,.local/obsidian/aether-flow-wiki/03_indexes/by-format-markdown.md,local_generated,2026-06-10T17:45:28Z
VAULT-MD-ROLE-AGENTS-ROLES-RESEARCH-OPS-DOCUMENTATION-CURATOR-V0-1-0-MD,.local/obsidian/aether-flow-wiki/02_sources/markdown/md-role-agents-roles-research-ops-documentation-curator-v0-1-0-md.md,obsidian_note,generated_memory_note,generated_noncanonical,humans_and_agents,41e0a2d5207d9ea760898d5db234e84bc346e86b9a86a321955fee00a6e1097c,MD-ROLE-AGENTS-ROLES-RESEARCH-OPS-DOCUMENTATION-CURATOR-V0-1-0-MD,MD-ROLE-AGENTS-ROLES-RESEARCH-OPS-DOCUMENTATION-CURATOR-V0-1-0-MD,,obsidian-wiki,PASS,2026-06-10T19:37:31Z,Generated local Obsidian memory note; not canonical authority.,MD-ROLE-AGENTS-ROLES-RESEARCH-OPS-DOCUMENTATION-CURATOR-V0-1-0-MD,MARKDOWN_SOURCE_REGISTRY.csv,.local/obsidian/aether-flow-wiki,.local/obsidian/aether-flow-wiki/02_sources/markdown/md-role-agents-roles-research-ops-documentation-curator-v0-1-0-md.md,.local/obsidian/aether-flow-wiki/01_raw/markdown/md-role-agents-roles-research-ops-documentation-curator-v0-1-0-md.md,,.local/obsidian/aether-flow-wiki/03_indexes/by-format-markdown.md,local_generated,2026-06-10T19:37:31Z
VAULT-MD-ROLE-AGENTS-ROLES-RESEARCH-OPS-DOCUMENTATION-CURATOR-V0-2-0-MD,.local/obsidian/aether-flow-wiki/02_sources/markdown/md-role-agents-roles-research-ops-documentation-curator-v0-2-0-md.md,obsidian_note,generated_memory_note,generated_noncanonical,humans_and_agents,75a40230c7ec4cc3529def5bf0eed4f25e16d77ea394a3729ce6f944d643e146,MD-ROLE-AGENTS-ROLES-RESEARCH-OPS-DOCUMENTATION-CURATOR-V0-2-0-MD,MD-ROLE-AGENTS-ROLES-RESEARCH-OPS-DOCUMENTATION-CURATOR-V0-2-0-MD,,obsidian-wiki,PASS,2026-06-12T01:59:27Z,Generated local Obsidian memory note; not canonical authority.,MD-ROLE-AGENTS-ROLES-RESEARCH-OPS-DOCUMENTATION-CURATOR-V0-2-0-MD,MARKDOWN_SOURCE_REGISTRY.csv,.local/obsidian/aether-flow-wiki,.local/obsidian/aether-flow-wiki/02_sources/markdown/md-role-agents-roles-research-ops-documentation-curator-v0-2-0-md.md,.local/obsidian/aether-flow-wiki/01_raw/markdown/md-role-agents-roles-research-ops-documentation-curator-v0-2-0-md.md,,.local/obsidian/aether-flow-wiki/03_indexes/by-format-markdown.md,local_generated,2026-06-12T01:59:27Z
VAULT-MD-ROLE-AGENTS-ROLES-RESEARCH-OPS-DOCUMENTATION-CURATOR-V0-3-0-MD,.local/obsidian/aether-flow-wiki/02_sources/markdown/md-role-agents-roles-research-ops-documentation-curator-v0-3-0-md.md,obsidian_note,generated_memory_note,generated_noncanonical,humans_and_agents,4d32e253d282aa62ddd4837be8fdf3ee5a83ed9d00915314f153c3c3868f02a4,MD-ROLE-AGENTS-ROLES-RESEARCH-OPS-DOCUMENTATION-CURATOR-V0-3-0-MD,MD-ROLE-AGENTS-ROLES-RESEARCH-OPS-DOCUMENTATION-CURATOR-V0-3-0-MD,,obsidian-wiki,PASS,2026-06-12T03:34:40Z,Generated local Obsidian memory note; not canonical authority.,MD-ROLE-AGENTS-ROLES-RESEARCH-OPS-DOCUMENTATION-CURATOR-V0-3-0-MD,MARKDOWN_SOURCE_REGISTRY.csv,.local/obsidian/aether-flow-wiki,.local/obsidian/aether-flow-wiki/02_sources/markdown/md-role-agents-roles-research-ops-documentation-curator-v0-3-0-md.md,.local/obsidian/aether-flow-wiki/01_raw/markdown/md-role-agents-roles-research-ops-documentation-curator-v0-3-0-md.md,,.local/obsidian/aether-flow-wiki/03_indexes/by-format-markdown.md,local_generated,2026-06-12T03:34:40Z
VAULT-MD-ROLE-AGENTS-ROLES-RESEARCH-OPS-DOCUMENTATION-CURATOR-V0-4-0-MD,.local/obsidian/aether-flow-wiki/02_sources/markdown/md-role-agents-roles-research-ops-documentation-curator-v0-4-0-md.md,obsidian_note,generated_memory_note,generated_noncanonical,humans_and_agents,ca1bdbb2ae0832fb41d67ecd1890576af723469e549698efb6baf1d4ff430c35,MD-ROLE-AGENTS-ROLES-RESEARCH-OPS-DOCUMENTATION-CURATOR-V0-4-0-MD,MD-ROLE-AGENTS-ROLES-RESEARCH-OPS-DOCUMENTATION-CURATOR-V0-4-0-MD,,obsidian-wiki,PASS,2026-06-12T03:34:40Z,Generated local Obsidian memory note; not canonical authority.,MD-ROLE-AGENTS-ROLES-RESEARCH-OPS-DOCUMENTATION-CURATOR-V0-4-0-MD,MARKDOWN_SOURCE_REGISTRY.csv,.local/obsidian/aether-flow-wiki,.local/obsidian/aether-flow-wiki/02_sources/markdown/md-role-agents-roles-research-ops-documentation-curator-v0-4-0-md.md,.local/obsidian/aether-flow-wiki/01_raw/markdown/md-role-agents-roles-research-ops-documentation-curator-v0-4-0-md.md,,.local/obsidian/aether-flow-wiki/03_indexes/by-format-markdown.md,local_generated,2026-06-12T03:34:40Z
VAULT-MD-ROLE-AGENTS-ROLES-RESEARCH-OPS-MEMORY-SYSTEM-MAINTAINER-V0-1-0-MD,.local/obsidian/aether-flow-wiki/02_sources/markdown/md-role-agents-roles-research-ops-memory-system-maintainer-v0-1-0-md.md,obsidian_note,generated_memory_note,generated_noncanonical,humans_and_agents,0ec40aa61444ef33b1fc375c772df6df2139b0d46ae33ff085a2b5a886712267,MD-ROLE-AGENTS-ROLES-RESEARCH-OPS-MEMORY-SYSTEM-MAINTAINER-V0-1-0-MD,MD-ROLE-AGENTS-ROLES-RESEARCH-OPS-MEMORY-SYSTEM-MAINTAINER-V0-1-0-MD,,obsidian-wiki,PASS,2026-06-10T02:34:32Z,Generated local Obsidian memory note; not canonical authority.,MD-ROLE-AGENTS-ROLES-RESEARCH-OPS-MEMORY-SYSTEM-MAINTAINER-V0-1-0-MD,MARKDOWN_SOURCE_REGISTRY.csv,.local/obsidian/aether-flow-wiki,.local/obsidian/aether-flow-wiki/02_sources/markdown/md-role-agents-roles-research-ops-memory-system-maintainer-v0-1-0-md.md,.local/obsidian/aether-flow-wiki/01_raw/markdown/md-role-agents-roles-research-ops-memory-system-maintainer-v0-1-0-md.md,,.local/obsidian/aether-flow-wiki/03_indexes/by-format-markdown.md,local_generated,2026-06-10T02:34:32Z
VAULT-MD-ROLE-AGENTS-ROLES-RESEARCH-OPS-PROCESS-INTEGRITY-AUDITOR-V0-1-0-MD,.local/obsidian/aether-flow-wiki/02_sources/markdown/md-role-agents-roles-research-ops-process-integrity-auditor-v0-1-0-md.md,obsidian_note,generated_memory_note,generated_noncanonical,humans_and_agents,5e54f60d6a3064006e0a6ec73719475f191f21c975b9b2292498abb1dcc83db4,MD-ROLE-AGENTS-ROLES-RESEARCH-OPS-PROCESS-INTEGRITY-AUDITOR-V0-1-0-MD,MD-ROLE-AGENTS-ROLES-RESEARCH-OPS-PROCESS-INTEGRITY-AUDITOR-V0-1-0-MD,,obsidian-wiki,PASS,2026-06-10T02:34:32Z,Generated local Obsidian memory note; not canonical authority.,MD-ROLE-AGENTS-ROLES-RESEARCH-OPS-PROCESS-INTEGRITY-AUDITOR-V0-1-0-MD,MARKDOWN_SOURCE_REGISTRY.csv,.local/obsidian/aether-flow-wiki,.local/obsidian/aether-flow-wiki/02_sources/markdown/md-role-agents-roles-research-ops-process-integrity-auditor-v0-1-0-md.md,.local/obsidian/aether-flow-wiki/01_raw/markdown/md-role-agents-roles-research-ops-process-integrity-auditor-v0-1-0-md.md,,.local/obsidian/aether-flow-wiki/03_indexes/by-format-markdown.md,local_generated,2026-06-10T02:34:32Z
VAULT-MD-ROLE-AGENTS-ROLES-RESEARCH-OPS-PROJECT-CONTROL-MAINTAINER-V0-1-0-MD,.local/obsidian/aether-flow-wiki/02_sources/markdown/md-role-agents-roles-research-ops-project-control-maintainer-v0-1-0-md.md,obsidian_note,generated_memory_note,generated_noncanonical,humans_and_agents,4d31cdcdf991dc2f503b3f8cc1c4abbbf4389ab1fd6dcd048396b8e85039665e,MD-ROLE-AGENTS-ROLES-RESEARCH-OPS-PROJECT-CONTROL-MAINTAINER-V0-1-0-MD,MD-ROLE-AGENTS-ROLES-RESEARCH-OPS-PROJECT-CONTROL-MAINTAINER-V0-1-0-MD,,obsidian-wiki,PASS,2026-06-10T18:23:33Z,Generated local Obsidian memory note; not canonical authority.,MD-ROLE-AGENTS-ROLES-RESEARCH-OPS-PROJECT-CONTROL-MAINTAINER-V0-1-0-MD,MARKDOWN_SOURCE_REGISTRY.csv,.local/obsidian/aether-flow-wiki,.local/obsidian/aether-flow-wiki/02_sources/markdown/md-role-agents-roles-research-ops-project-control-maintainer-v0-1-0-md.md,.local/obsidian/aether-flow-wiki/01_raw/markdown/md-role-agents-roles-research-ops-project-control-maintainer-v0-1-0-md.md,,.local/obsidian/aether-flow-wiki/03_indexes/by-format-markdown.md,local_generated,2026-06-10T18:23:33Z
VAULT-MD-ROLE-AGENTS-ROLES-RESEARCH-OPS-PROJECT-SYSTEM-DIRECTOR-V0-1-0-MD,.local/obsidian/aether-flow-wiki/02_sources/markdown/md-role-agents-roles-research-ops-project-system-director-v0-1-0-md.md,obsidian_note,generated_memory_note,generated_noncanonical,humans_and_agents,38e37c63637c81ddaabe7fcba760efea348665b2d4534e46961d7ba2c7a32972,MD-ROLE-AGENTS-ROLES-RESEARCH-OPS-PROJECT-SYSTEM-DIRECTOR-V0-1-0-MD,MD-ROLE-AGENTS-ROLES-RESEARCH-OPS-PROJECT-SYSTEM-DIRECTOR-V0-1-0-MD,,obsidian-wiki,PASS,2026-06-10T02:34:32Z,Generated local Obsidian memory note; not canonical authority.,MD-ROLE-AGENTS-ROLES-RESEARCH-OPS-PROJECT-SYSTEM-DIRECTOR-V0-1-0-MD,MARKDOWN_SOURCE_REGISTRY.csv,.local/obsidian/aether-flow-wiki,.local/obsidian/aether-flow-wiki/02_sources/markdown/md-role-agents-roles-research-ops-project-system-director-v0-1-0-md.md,.local/obsidian/aether-flow-wiki/01_raw/markdown/md-role-agents-roles-research-ops-project-system-director-v0-1-0-md.md,,.local/obsidian/aether-flow-wiki/03_indexes/by-format-markdown.md,local_generated,2026-06-10T02:34:32Z
VAULT-MD-ROLE-AGENTS-ROLES-RESEARCH-OPS-VALIDATOR-ENGINEER-V0-1-0-MD,.local/obsidian/aether-flow-wiki/02_sources/markdown/md-role-agents-roles-research-ops-validator-engineer-v0-1-0-md.md,obsidian_note,generated_memory_note,generated_noncanonical,humans_and_agents,bcc23bae02e78fcafabffb8d5fe1afca48a591edc56c0bc05b868b9d9e400c77,MD-ROLE-AGENTS-ROLES-RESEARCH-OPS-VALIDATOR-ENGINEER-V0-1-0-MD,MD-ROLE-AGENTS-ROLES-RESEARCH-OPS-VALIDATOR-ENGINEER-V0-1-0-MD,,obsidian-wiki,PASS,2026-06-10T02:34:32Z,Generated local Obsidian memory note; not canonical authority.,MD-ROLE-AGENTS-ROLES-RESEARCH-OPS-VALIDATOR-ENGINEER-V0-1-0-MD,MARKDOWN_SOURCE_REGISTRY.csv,.local/obsidian/aether-flow-wiki,.local/obsidian/aether-flow-wiki/02_sources/markdown/md-role-agents-roles-research-ops-validator-engineer-v0-1-0-md.md,.local/obsidian/aether-flow-wiki/01_raw/markdown/md-role-agents-roles-research-ops-validator-engineer-v0-1-0-md.md,,.local/obsidian/aether-flow-wiki/03_indexes/by-format-markdown.md,local_generated,2026-06-10T02:34:32Z
VAULT-MD-SCHEMA-AGENT-JOB-SCHEMA,.local/obsidian/aether-flow-wiki/02_sources/markdown/md-schema-agent-job-schema.md,obsidian_note,generated_memory_note,generated_noncanonical,humans_and_agents,76acbed9cfe50a2475f794e8fccf6f1ae01704b59a742c87f93a93c47ef4c527,MD-SCHEMA-AGENT-JOB-SCHEMA,MD-SCHEMA-AGENT-JOB-SCHEMA,,obsidian-wiki,PASS,2026-06-10T05:23:00Z,Generated local Obsidian memory note; not canonical authority.,MD-SCHEMA-AGENT-JOB-SCHEMA,MARKDOWN_SOURCE_REGISTRY.csv,.local/obsidian/aether-flow-wiki,.local/obsidian/aether-flow-wiki/02_sources/markdown/md-schema-agent-job-schema.md,.local/obsidian/aether-flow-wiki/01_raw/markdown/md-schema-agent-job-schema.md,,.local/obsidian/aether-flow-wiki/03_indexes/by-format-markdown.md,local_generated,2026-06-10T05:23:00Z
VAULT-MD-SCHEMA-DIRECTOR-DECISION-SCHEMA,.local/obsidian/aether-flow-wiki/02_sources/markdown/md-schema-director-decision-schema.md,obsidian_note,generated_memory_note,generated_noncanonical,humans_and_agents,8163f5dbe8e231dc61f1d78032edc972f61c286ce5bf417031937e56e9849a17,MD-SCHEMA-DIRECTOR-DECISION-SCHEMA,MD-SCHEMA-DIRECTOR-DECISION-SCHEMA,,obsidian-wiki,PASS,2026-06-10T02:34:32Z,Generated local Obsidian memory note; not canonical authority.,MD-SCHEMA-DIRECTOR-DECISION-SCHEMA,MARKDOWN_SOURCE_REGISTRY.csv,.local/obsidian/aether-flow-wiki,.local/obsidian/aether-flow-wiki/02_sources/markdown/md-schema-director-decision-schema.md,.local/obsidian/aether-flow-wiki/01_raw/markdown/md-schema-director-decision-schema.md,,.local/obsidian/aether-flow-wiki/03_indexes/by-format-markdown.md,local_generated,2026-06-10T02:34:32Z
VAULT-MD-SCHEMA-DOCUMENTATION-IMPACT-SCHEMA,.local/obsidian/aether-flow-wiki/02_sources/markdown/md-schema-documentation-impact-schema.md,obsidian_note,generated_memory_note,generated_noncanonical,humans_and_agents,cedfc214d015b2bfb6647be62c375533d9f96bd731230013069f2854be5ec5e9,MD-SCHEMA-DOCUMENTATION-IMPACT-SCHEMA,MD-SCHEMA-DOCUMENTATION-IMPACT-SCHEMA,,obsidian-wiki,PASS,2026-06-10T02:34:32Z,Generated local Obsidian memory note; not canonical authority.,MD-SCHEMA-DOCUMENTATION-IMPACT-SCHEMA,MARKDOWN_SOURCE_REGISTRY.csv,.local/obsidian/aether-flow-wiki,.local/obsidian/aether-flow-wiki/02_sources/markdown/md-schema-documentation-impact-schema.md,.local/obsidian/aether-flow-wiki/01_raw/markdown/md-schema-documentation-impact-schema.md,,.local/obsidian/aether-flow-wiki/03_indexes/by-format-markdown.md,local_generated,2026-06-10T02:34:32Z
VAULT-MD-SCHEMA-EXECUTION-ROLE-SCHEMA,.local/obsidian/aether-flow-wiki/02_sources/markdown/md-schema-execution-role-schema.md,obsidian_note,generated_memory_note,generated_noncanonical,humans_and_agents,89f358d8263dead21d99999d183a0d18cdd96cc62e66ee0e4125a21f418244e1,MD-SCHEMA-EXECUTION-ROLE-SCHEMA,MD-SCHEMA-EXECUTION-ROLE-SCHEMA,,obsidian-wiki,PASS,2026-06-10T17:45:28Z,Generated local Obsidian memory note; not canonical authority.,MD-SCHEMA-EXECUTION-ROLE-SCHEMA,MARKDOWN_SOURCE_REGISTRY.csv,.local/obsidian/aether-flow-wiki,.local/obsidian/aether-flow-wiki/02_sources/markdown/md-schema-execution-role-schema.md,.local/obsidian/aether-flow-wiki/01_raw/markdown/md-schema-execution-role-schema.md,,.local/obsidian/aether-flow-wiki/03_indexes/by-format-markdown.md,local_generated,2026-06-10T17:45:28Z
VAULT-MD-SCHEMA-ROLE-SCHEMA,.local/obsidian/aether-flow-wiki/02_sources/markdown/md-schema-role-schema.md,obsidian_note,generated_memory_note,generated_noncanonical,humans_and_agents,adfe47c287d9e67e0b6c864b8534ae48fb6d3cbb950c4f61d938badccd9d31f6,MD-SCHEMA-ROLE-SCHEMA,MD-SCHEMA-ROLE-SCHEMA,,obsidian-wiki,PASS,2026-06-10T19:37:31Z,Generated local Obsidian memory note; not canonical authority.,MD-SCHEMA-ROLE-SCHEMA,MARKDOWN_SOURCE_REGISTRY.csv,.local/obsidian/aether-flow-wiki,.local/obsidian/aether-flow-wiki/02_sources/markdown/md-schema-role-schema.md,.local/obsidian/aether-flow-wiki/01_raw/markdown/md-schema-role-schema.md,,.local/obsidian/aether-flow-wiki/03_indexes/by-format-markdown.md,local_generated,2026-06-10T19:37:31Z
VAULT-MD-SKILL-CONTINUE-RESEARCH,.local/obsidian/aether-flow-wiki/02_sources/markdown/md-skill-continue-research.md,obsidian_note,generated_memory_note,generated_noncanonical,humans_and_agents,43acc28efdabc61465f41f054a2b61cf71d139d183920cb783bc90197ab0af22,MD-SKILL-CONTINUE-RESEARCH,MD-SKILL-CONTINUE-RESEARCH,,obsidian-wiki,PASS,2026-06-10T17:45:28Z,Generated local Obsidian memory note; not canonical authority.,MD-SKILL-CONTINUE-RESEARCH,MARKDOWN_SOURCE_REGISTRY.csv,.local/obsidian/aether-flow-wiki,.local/obsidian/aether-flow-wiki/02_sources/markdown/md-skill-continue-research.md,.local/obsidian/aether-flow-wiki/01_raw/markdown/md-skill-continue-research.md,,.local/obsidian/aether-flow-wiki/03_indexes/by-format-markdown.md,local_generated,2026-06-10T17:45:28Z
VAULT-MD-SKILL-GRILL-ME,.local/obsidian/aether-flow-wiki/02_sources/markdown/md-skill-grill-me.md,obsidian_note,generated_memory_note,generated_noncanonical,humans_and_agents,74147eb6010a65957efef2b9e0f0b3ff935c1def7fc117697151b1d0f3610556,MD-SKILL-GRILL-ME,MD-SKILL-GRILL-ME,,obsidian-wiki,PASS,2026-06-10T02:34:32Z,Generated local Obsidian memory note; not canonical authority.,MD-SKILL-GRILL-ME,MARKDOWN_SOURCE_REGISTRY.csv,.local/obsidian/aether-flow-wiki,.local/obsidian/aether-flow-wiki/02_sources/markdown/md-skill-grill-me.md,.local/obsidian/aether-flow-wiki/01_raw/markdown/md-skill-grill-me.md,,.local/obsidian/aether-flow-wiki/03_indexes/by-format-markdown.md,local_generated,2026-06-10T02:34:32Z
VAULT-MD-SKILL-GRILL-WITH-DOCS,.local/obsidian/aether-flow-wiki/02_sources/markdown/md-skill-grill-with-docs.md,obsidian_note,generated_memory_note,generated_noncanonical,humans_and_agents,3e35025119ba03efe7983dfdec3c8b96918142e3978512f3c2bf66d428310c7e,MD-SKILL-GRILL-WITH-DOCS,MD-SKILL-GRILL-WITH-DOCS,,obsidian-wiki,PASS,2026-06-11T22:03:47Z,Generated local Obsidian memory note; not canonical authority.,MD-SKILL-GRILL-WITH-DOCS,MARKDOWN_SOURCE_REGISTRY.csv,.local/obsidian/aether-flow-wiki,.local/obsidian/aether-flow-wiki/02_sources/markdown/md-skill-grill-with-docs.md,.local/obsidian/aether-flow-wiki/01_raw/markdown/md-skill-grill-with-docs.md,,.local/obsidian/aether-flow-wiki/03_indexes/by-format-markdown.md,local_generated,2026-06-11T22:03:47Z
VAULT-MD-SKILL-HTML-VISUAL-EXPLAINER,.local/obsidian/aether-flow-wiki/02_sources/markdown/md-skill-html-visual-explainer.md,obsidian_note,generated_memory_note,generated_noncanonical,humans_and_agents,a06f3a8b9142cb7c6d4df7d8b80b82a4db4046f69676ab847f5bb2141bb9504f,MD-SKILL-HTML-VISUAL-EXPLAINER,MD-SKILL-HTML-VISUAL-EXPLAINER,,obsidian-wiki,PASS,2026-06-12T03:34:40Z,Generated local Obsidian memory note; not canonical authority.,MD-SKILL-HTML-VISUAL-EXPLAINER,MARKDOWN_SOURCE_REGISTRY.csv,.local/obsidian/aether-flow-wiki,.local/obsidian/aether-flow-wiki/02_sources/markdown/md-skill-html-visual-explainer.md,.local/obsidian/aether-flow-wiki/01_raw/markdown/md-skill-html-visual-explainer.md,,.local/obsidian/aether-flow-wiki/03_indexes/by-format-markdown.md,local_generated,2026-06-12T03:34:40Z
VAULT-MD-SKILL-IMPROVE-PROJECT-SYSTEM,.local/obsidian/aether-flow-wiki/02_sources/markdown/md-skill-improve-project-system.md,obsidian_note,generated_memory_note,generated_noncanonical,humans_and_agents,1cacdb5a5c99937321874741e525a65472b5e4549a08c97e8cff6051c130225c,MD-SKILL-IMPROVE-PROJECT-SYSTEM,MD-SKILL-IMPROVE-PROJECT-SYSTEM,,obsidian-wiki,PASS,2026-06-10T18:23:33Z,Generated local Obsidian memory note; not canonical authority.,MD-SKILL-IMPROVE-PROJECT-SYSTEM,MARKDOWN_SOURCE_REGISTRY.csv,.local/obsidian/aether-flow-wiki,.local/obsidian/aether-flow-wiki/02_sources/markdown/md-skill-improve-project-system.md,.local/obsidian/aether-flow-wiki/01_raw/markdown/md-skill-improve-project-system.md,,.local/obsidian/aether-flow-wiki/03_indexes/by-format-markdown.md,local_generated,2026-06-10T18:23:33Z
VAULT-MD-SKILL-MARKDOWN-WIKI,.local/obsidian/aether-flow-wiki/02_sources/markdown/md-skill-markdown-wiki.md,obsidian_note,generated_memory_note,generated_noncanonical,humans_and_agents,9e407dca9b4657c18b9edd38be0181f5bf6c98336a763c74172c74439076683c,MD-SKILL-MARKDOWN-WIKI,MD-SKILL-MARKDOWN-WIKI,,obsidian-wiki,PASS,2026-06-10T02:34:32Z,Generated local Obsidian memory note; not canonical authority.,MD-SKILL-MARKDOWN-WIKI,MARKDOWN_SOURCE_REGISTRY.csv,.local/obsidian/aether-flow-wiki,.local/obsidian/aether-flow-wiki/02_sources/markdown/md-skill-markdown-wiki.md,.local/obsidian/aether-flow-wiki/01_raw/markdown/md-skill-markdown-wiki.md,,.local/obsidian/aether-flow-wiki/03_indexes/by-format-markdown.md,local_generated,2026-06-10T02:34:32Z
VAULT-MD-SKILL-OBSIDIAN-WIKI,.local/obsidian/aether-flow-wiki/02_sources/markdown/md-skill-obsidian-wiki.md,obsidian_note,generated_memory_note,generated_noncanonical,humans_and_agents,c38ca75812a57a3f71e4274ee38cbacd7854775f8a09ae7592addeb9cd0f4fe3,MD-SKILL-OBSIDIAN-WIKI,MD-SKILL-OBSIDIAN-WIKI,,obsidian-wiki,PASS,2026-06-10T02:34:32Z,Generated local Obsidian memory note; not canonical authority.,MD-SKILL-OBSIDIAN-WIKI,MARKDOWN_SOURCE_REGISTRY.csv,.local/obsidian/aether-flow-wiki,.local/obsidian/aether-flow-wiki/02_sources/markdown/md-skill-obsidian-wiki.md,.local/obsidian/aether-flow-wiki/01_raw/markdown/md-skill-obsidian-wiki.md,,.local/obsidian/aether-flow-wiki/03_indexes/by-format-markdown.md,local_generated,2026-06-10T02:34:32Z
VAULT-MD-SKILL-ONTOLOGY-PROMOTION,.local/obsidian/aether-flow-wiki/02_sources/markdown/md-skill-ontology-promotion.md,obsidian_note,generated_memory_note,generated_noncanonical,humans_and_agents,e9d7455fba3553e6e27b971a2602dbfed287528e200dd733ea9eb8e0a9882e73,MD-SKILL-ONTOLOGY-PROMOTION,MD-SKILL-ONTOLOGY-PROMOTION,,obsidian-wiki,PASS,2026-06-10T02:34:32Z,Generated local Obsidian memory note; not canonical authority.,MD-SKILL-ONTOLOGY-PROMOTION,MARKDOWN_SOURCE_REGISTRY.csv,.local/obsidian/aether-flow-wiki,.local/obsidian/aether-flow-wiki/02_sources/markdown/md-skill-ontology-promotion.md,.local/obsidian/aether-flow-wiki/01_raw/markdown/md-skill-ontology-promotion.md,,.local/obsidian/aether-flow-wiki/03_indexes/by-format-markdown.md,local_generated,2026-06-10T02:34:32Z
VAULT-MD-SKILL-PDF-DERIVATIVE-BUILD,.local/obsidian/aether-flow-wiki/02_sources/markdown/md-skill-pdf-derivative-build.md,obsidian_note,generated_memory_note,generated_noncanonical,humans_and_agents,983bc0fe63bed2c3f15d62e8c25d56397d6dd322a8d0c5406817aca7b14bb2d4,MD-SKILL-PDF-DERIVATIVE-BUILD,MD-SKILL-PDF-DERIVATIVE-BUILD,,obsidian-wiki,PASS,2026-06-10T02:34:32Z,Generated local Obsidian memory note; not canonical authority.,MD-SKILL-PDF-DERIVATIVE-BUILD,MARKDOWN_SOURCE_REGISTRY.csv,.local/obsidian/aether-flow-wiki,.local/obsidian/aether-flow-wiki/02_sources/markdown/md-skill-pdf-derivative-build.md,.local/obsidian/aether-flow-wiki/01_raw/markdown/md-skill-pdf-derivative-build.md,,.local/obsidian/aether-flow-wiki/03_indexes/by-format-markdown.md,local_generated,2026-06-10T02:34:32Z
VAULT-MD-SKILL-PROJECT-MEMORY-SYSTEM,.local/obsidian/aether-flow-wiki/02_sources/markdown/md-skill-project-memory-system.md,obsidian_note,generated_memory_note,generated_noncanonical,humans_and_agents,0092bc07f5ecf1714a2ae3dfba2567d29c64876ea9cfa4948de5004977b6164f,MD-SKILL-PROJECT-MEMORY-SYSTEM,MD-SKILL-PROJECT-MEMORY-SYSTEM,,obsidian-wiki,PASS,2026-06-10T02:34:32Z,Generated local Obsidian memory note; not canonical authority.,MD-SKILL-PROJECT-MEMORY-SYSTEM,MARKDOWN_SOURCE_REGISTRY.csv,.local/obsidian/aether-flow-wiki,.local/obsidian/aether-flow-wiki/02_sources/markdown/md-skill-project-memory-system.md,.local/obsidian/aether-flow-wiki/01_raw/markdown/md-skill-project-memory-system.md,,.local/obsidian/aether-flow-wiki/03_indexes/by-format-markdown.md,local_generated,2026-06-10T02:34:32Z
VAULT-MD-SKILL-TEX-WIKI,.local/obsidian/aether-flow-wiki/02_sources/markdown/md-skill-tex-wiki.md,obsidian_note,generated_memory_note,generated_noncanonical,humans_and_agents,00070187a46d9dfdd617746603e21fcff2e20484d6be327b13d37ec6fb52ccda,MD-SKILL-TEX-WIKI,MD-SKILL-TEX-WIKI,,obsidian-wiki,PASS,2026-06-10T02:34:32Z,Generated local Obsidian memory note; not canonical authority.,MD-SKILL-TEX-WIKI,MARKDOWN_SOURCE_REGISTRY.csv,.local/obsidian/aether-flow-wiki,.local/obsidian/aether-flow-wiki/02_sources/markdown/md-skill-tex-wiki.md,.local/obsidian/aether-flow-wiki/01_raw/markdown/md-skill-tex-wiki.md,,.local/obsidian/aether-flow-wiki/03_indexes/by-format-markdown.md,local_generated,2026-06-10T02:34:32Z
VAULT-MD-SKILL-VISUAL-EXPLAINER,.local/obsidian/aether-flow-wiki/02_sources/markdown/md-skill-visual-explainer.md,obsidian_note,generated_memory_note,generated_noncanonical,humans_and_agents,669083baf4eb5e68c11ec511a752092c4a6efa3eac081ab466b4a775c786616f,MD-SKILL-VISUAL-EXPLAINER,MD-SKILL-VISUAL-EXPLAINER,,obsidian-wiki,PASS,2026-06-12T03:34:40Z,Generated local Obsidian memory note; not canonical authority.,MD-SKILL-VISUAL-EXPLAINER,MARKDOWN_SOURCE_REGISTRY.csv,.local/obsidian/aether-flow-wiki,.local/obsidian/aether-flow-wiki/02_sources/markdown/md-skill-visual-explainer.md,.local/obsidian/aether-flow-wiki/01_raw/markdown/md-skill-visual-explainer.md,,.local/obsidian/aether-flow-wiki/03_indexes/by-format-markdown.md,local_generated,2026-06-12T03:34:40Z
VAULT-MD-SKILL-VISUAL-EXPLAINER-SUBSKILL-MERMAID-DOCUMENTATION,.local/obsidian/aether-flow-wiki/02_sources/markdown/md-skill-visual-explainer-subskill-mermaid-documentation.md,obsidian_note,generated_memory_note,generated_noncanonical,humans_and_agents,1df4982a8bd5c82ec24a8c347b5d5796c5c1c49764142b3853e28b84bebd1da9,MD-SKILL-VISUAL-EXPLAINER-SUBSKILL-MERMAID-DOCUMENTATION,MD-SKILL-VISUAL-EXPLAINER-SUBSKILL-MERMAID-DOCUMENTATION,,obsidian-wiki,PASS,2026-06-11T22:51:09Z,Generated local Obsidian memory note; not canonical authority.,MD-SKILL-VISUAL-EXPLAINER-SUBSKILL-MERMAID-DOCUMENTATION,MARKDOWN_SOURCE_REGISTRY.csv,.local/obsidian/aether-flow-wiki,.local/obsidian/aether-flow-wiki/02_sources/markdown/md-skill-visual-explainer-subskill-mermaid-documentation.md,.local/obsidian/aether-flow-wiki/01_raw/markdown/md-skill-visual-explainer-subskill-mermaid-documentation.md,,.local/obsidian/aether-flow-wiki/03_indexes/by-format-markdown.md,local_generated,2026-06-11T22:51:09Z
VAULT-PDF-ONTOLOGY-AETHER-FLOW-CONSISTENCY,.local/obsidian/aether-flow-wiki/02_sources/pdf/pdf-ontology-aether-flow-consistency.md,obsidian_note,generated_memory_note,generated_noncanonical,humans_and_agents,2ae5b31098d75fe6eb889452d9e5bd198a759c474c816dfb2550713732c94209,PDF-ONTOLOGY-AETHER-FLOW-CONSISTENCY,PDF-ONTOLOGY-AETHER-FLOW-CONSISTENCY,,obsidian-wiki,PASS,2026-06-08T01:55:35Z,Generated local Obsidian memory note; not canonical authority.,PDF-ONTOLOGY-AETHER-FLOW-CONSISTENCY,PDF_DERIVATIVE_REGISTRY.csv,.local/obsidian/aether-flow-wiki,.local/obsidian/aether-flow-wiki/02_sources/pdf/pdf-ontology-aether-flow-consistency.md,.local/obsidian/aether-flow-wiki/01_raw/pdf/pdf-ontology-aether-flow-consistency.pdf,.local/obsidian/aether-flow-wiki/01_raw/pdf/pdf-ontology-aether-flow-consistency.pdf,.local/obsidian/aether-flow-wiki/03_indexes/by-format-pdf.md,local_generated,2026-06-08T01:55:35Z
VAULT-PDF-ONTOLOGY-AETHER-FLOW-DYNAMICS,.local/obsidian/aether-flow-wiki/02_sources/pdf/pdf-ontology-aether-flow-dynamics.md,obsidian_note,generated_memory_note,generated_noncanonical,humans_and_agents,8e398858b81055855b3da2b23fadd145a7894db127fffbdd02bbabb00a809e54,PDF-ONTOLOGY-AETHER-FLOW-DYNAMICS,PDF-ONTOLOGY-AETHER-FLOW-DYNAMICS,,obsidian-wiki,PASS,2026-06-08T01:55:35Z,Generated local Obsidian memory note; not canonical authority.,PDF-ONTOLOGY-AETHER-FLOW-DYNAMICS,PDF_DERIVATIVE_REGISTRY.csv,.local/obsidian/aether-flow-wiki,.local/obsidian/aether-flow-wiki/02_sources/pdf/pdf-ontology-aether-flow-dynamics.md,.local/obsidian/aether-flow-wiki/01_raw/pdf/pdf-ontology-aether-flow-dynamics.pdf,.local/obsidian/aether-flow-wiki/01_raw/pdf/pdf-ontology-aether-flow-dynamics.pdf,.local/obsidian/aether-flow-wiki/03_indexes/by-format-pdf.md,local_generated,2026-06-08T01:55:35Z
VAULT-PDF-ONTOLOGY-AETHER-FLOW-EXACT-CLOSURE-FLAGSHIP-ARTICLE,.local/obsidian/aether-flow-wiki/02_sources/pdf/pdf-ontology-aether-flow-exact-closure-flagship-article.md,obsidian_note,generated_memory_note,generated_noncanonical,humans_and_agents,cf892f9c139a133fab6afb46e277936a4b0716d19684b8d6cb30f782b5ac0c3a,PDF-ONTOLOGY-AETHER-FLOW-EXACT-CLOSURE-FLAGSHIP-ARTICLE,PDF-ONTOLOGY-AETHER-FLOW-EXACT-CLOSURE-FLAGSHIP-ARTICLE,,obsidian-wiki,PASS,2026-06-08T01:55:35Z,Generated local Obsidian memory note; not canonical authority.,PDF-ONTOLOGY-AETHER-FLOW-EXACT-CLOSURE-FLAGSHIP-ARTICLE,PDF_DERIVATIVE_REGISTRY.csv,.local/obsidian/aether-flow-wiki,.local/obsidian/aether-flow-wiki/02_sources/pdf/pdf-ontology-aether-flow-exact-closure-flagship-article.md,.local/obsidian/aether-flow-wiki/01_raw/pdf/pdf-ontology-aether-flow-exact-closure-flagship-article.pdf,.local/obsidian/aether-flow-wiki/01_raw/pdf/pdf-ontology-aether-flow-exact-closure-flagship-article.pdf,.local/obsidian/aether-flow-wiki/03_indexes/by-format-pdf.md,local_generated,2026-06-08T01:55:35Z
VAULT-PDF-ONTOLOGY-AETHER-FLOW-EXACT-CLOSURE-NOTE,.local/obsidian/aether-flow-wiki/02_sources/pdf/pdf-ontology-aether-flow-exact-closure-note.md,obsidian_note,generated_memory_note,generated_noncanonical,humans_and_agents,1e35f468e7c8982ce808e7acca02637777705c6c877ed3d2dde6cf499b08b044,PDF-ONTOLOGY-AETHER-FLOW-EXACT-CLOSURE-NOTE,PDF-ONTOLOGY-AETHER-FLOW-EXACT-CLOSURE-NOTE,,obsidian-wiki,PASS,2026-06-08T01:55:35Z,Generated local Obsidian memory note; not canonical authority.,PDF-ONTOLOGY-AETHER-FLOW-EXACT-CLOSURE-NOTE,PDF_DERIVATIVE_REGISTRY.csv,.local/obsidian/aether-flow-wiki,.local/obsidian/aether-flow-wiki/02_sources/pdf/pdf-ontology-aether-flow-exact-closure-note.md,.local/obsidian/aether-flow-wiki/01_raw/pdf/pdf-ontology-aether-flow-exact-closure-note.pdf,.local/obsidian/aether-flow-wiki/01_raw/pdf/pdf-ontology-aether-flow-exact-closure-note.pdf,.local/obsidian/aether-flow-wiki/03_indexes/by-format-pdf.md,local_generated,2026-06-08T01:55:35Z
VAULT-PDF-ONTOLOGY-AETHER-FLOW-EXACT-CLOSURE-SEQUENCE-OVERVIEW,.local/obsidian/aether-flow-wiki/02_sources/pdf/pdf-ontology-aether-flow-exact-closure-sequence-overview.md,obsidian_note,generated_memory_note,generated_noncanonical,humans_and_agents,6d5686b3a6ba35787b870fdd6645571ff662b27fd83e24886e16340083b9ffe5,PDF-ONTOLOGY-AETHER-FLOW-EXACT-CLOSURE-SEQUENCE-OVERVIEW,PDF-ONTOLOGY-AETHER-FLOW-EXACT-CLOSURE-SEQUENCE-OVERVIEW,,obsidian-wiki,PASS,2026-06-08T01:55:35Z,Generated local Obsidian memory note; not canonical authority.,PDF-ONTOLOGY-AETHER-FLOW-EXACT-CLOSURE-SEQUENCE-OVERVIEW,PDF_DERIVATIVE_REGISTRY.csv,.local/obsidian/aether-flow-wiki,.local/obsidian/aether-flow-wiki/02_sources/pdf/pdf-ontology-aether-flow-exact-closure-sequence-overview.md,.local/obsidian/aether-flow-wiki/01_raw/pdf/pdf-ontology-aether-flow-exact-closure-sequence-overview.pdf,.local/obsidian/aether-flow-wiki/01_raw/pdf/pdf-ontology-aether-flow-exact-closure-sequence-overview.pdf,.local/obsidian/aether-flow-wiki/03_indexes/by-format-pdf.md,local_generated,2026-06-08T01:55:35Z
VAULT-PDF-ONTOLOGY-AETHER-FLOW-FOUNDATIONS,.local/obsidian/aether-flow-wiki/02_sources/pdf/pdf-ontology-aether-flow-foundations.md,obsidian_note,generated_memory_note,generated_noncanonical,humans_and_agents,2aee525d1493734c1ea63ff6caf5acb3693bc5c7d26d3a90623930ee72b25ba8,PDF-ONTOLOGY-AETHER-FLOW-FOUNDATIONS,PDF-ONTOLOGY-AETHER-FLOW-FOUNDATIONS,,obsidian-wiki,PASS,2026-06-08T01:55:35Z,Generated local Obsidian memory note; not canonical authority.,PDF-ONTOLOGY-AETHER-FLOW-FOUNDATIONS,PDF_DERIVATIVE_REGISTRY.csv,.local/obsidian/aether-flow-wiki,.local/obsidian/aether-flow-wiki/02_sources/pdf/pdf-ontology-aether-flow-foundations.md,.local/obsidian/aether-flow-wiki/01_raw/pdf/pdf-ontology-aether-flow-foundations.pdf,.local/obsidian/aether-flow-wiki/01_raw/pdf/pdf-ontology-aether-flow-foundations.pdf,.local/obsidian/aether-flow-wiki/03_indexes/by-format-pdf.md,local_generated,2026-06-08T01:55:35Z
VAULT-PDF-ONTOLOGY-AETHER-FLOW-GEOMETRY,.local/obsidian/aether-flow-wiki/02_sources/pdf/pdf-ontology-aether-flow-geometry.md,obsidian_note,generated_memory_note,generated_noncanonical,humans_and_agents,fe782bc8d7b3144ef5842330052abd79cb3b1e402ed4f78b860b9db2530d8859,PDF-ONTOLOGY-AETHER-FLOW-GEOMETRY,PDF-ONTOLOGY-AETHER-FLOW-GEOMETRY,,obsidian-wiki,PASS,2026-06-08T01:55:35Z,Generated local Obsidian memory note; not canonical authority.,PDF-ONTOLOGY-AETHER-FLOW-GEOMETRY,PDF_DERIVATIVE_REGISTRY.csv,.local/obsidian/aether-flow-wiki,.local/obsidian/aether-flow-wiki/02_sources/pdf/pdf-ontology-aether-flow-geometry.md,.local/obsidian/aether-flow-wiki/01_raw/pdf/pdf-ontology-aether-flow-geometry.pdf,.local/obsidian/aether-flow-wiki/01_raw/pdf/pdf-ontology-aether-flow-geometry.pdf,.local/obsidian/aether-flow-wiki/03_indexes/by-format-pdf.md,local_generated,2026-06-08T01:55:35Z
VAULT-PDF-ONTOLOGY-AETHER-FLOW-RELATIVISTIC-RECOVERY,.local/obsidian/aether-flow-wiki/02_sources/pdf/pdf-ontology-aether-flow-relativistic-recovery.md,obsidian_note,generated_memory_note,generated_noncanonical,humans_and_agents,d8beb9c07ced4df5f5146af4b32c6feb759ef8abe96419e713fa3afb860aef88,PDF-ONTOLOGY-AETHER-FLOW-RELATIVISTIC-RECOVERY,PDF-ONTOLOGY-AETHER-FLOW-RELATIVISTIC-RECOVERY,,obsidian-wiki,PASS,2026-06-08T01:55:35Z,Generated local Obsidian memory note; not canonical authority.,PDF-ONTOLOGY-AETHER-FLOW-RELATIVISTIC-RECOVERY,PDF_DERIVATIVE_REGISTRY.csv,.local/obsidian/aether-flow-wiki,.local/obsidian/aether-flow-wiki/02_sources/pdf/pdf-ontology-aether-flow-relativistic-recovery.md,.local/obsidian/aether-flow-wiki/01_raw/pdf/pdf-ontology-aether-flow-relativistic-recovery.pdf,.local/obsidian/aether-flow-wiki/01_raw/pdf/pdf-ontology-aether-flow-relativistic-recovery.pdf,.local/obsidian/aether-flow-wiki/03_indexes/by-format-pdf.md,local_generated,2026-06-08T01:55:35Z
VAULT-TEX-ONTOLOGY-AETHER-FLOW-CONSISTENCY,.local/obsidian/aether-flow-wiki/02_sources/tex/tex-ontology-aether-flow-consistency.md,obsidian_note,generated_memory_note,generated_noncanonical,humans_and_agents,e751e7f4c4867d5e3d697e3a21e34367da1dbeacc32b6b3a32658d5df1a991e8,TEX-ONTOLOGY-AETHER-FLOW-CONSISTENCY,TEX-ONTOLOGY-AETHER-FLOW-CONSISTENCY,,obsidian-wiki,PASS,2026-06-08T01:55:35Z,Generated local Obsidian memory note; not canonical authority.,TEX-ONTOLOGY-AETHER-FLOW-CONSISTENCY,TEX_SOURCE_REGISTRY.csv,.local/obsidian/aether-flow-wiki,.local/obsidian/aether-flow-wiki/02_sources/tex/tex-ontology-aether-flow-consistency.md,.local/obsidian/aether-flow-wiki/01_raw/tex/tex-ontology-aether-flow-consistency.tex,,.local/obsidian/aether-flow-wiki/03_indexes/by-format-tex.md,local_generated,2026-06-08T01:55:35Z
VAULT-TEX-ONTOLOGY-AETHER-FLOW-DYNAMICS,.local/obsidian/aether-flow-wiki/02_sources/tex/tex-ontology-aether-flow-dynamics.md,obsidian_note,generated_memory_note,generated_noncanonical,humans_and_agents,66cbb5c56694abcaff2e3679bc8f5899076acc5b4a1b9bbb4a55871f7a0ad0f4,TEX-ONTOLOGY-AETHER-FLOW-DYNAMICS,TEX-ONTOLOGY-AETHER-FLOW-DYNAMICS,,obsidian-wiki,PASS,2026-06-08T01:55:35Z,Generated local Obsidian memory note; not canonical authority.,TEX-ONTOLOGY-AETHER-FLOW-DYNAMICS,TEX_SOURCE_REGISTRY.csv,.local/obsidian/aether-flow-wiki,.local/obsidian/aether-flow-wiki/02_sources/tex/tex-ontology-aether-flow-dynamics.md,.local/obsidian/aether-flow-wiki/01_raw/tex/tex-ontology-aether-flow-dynamics.tex,,.local/obsidian/aether-flow-wiki/03_indexes/by-format-tex.md,local_generated,2026-06-08T01:55:35Z
VAULT-TEX-ONTOLOGY-AETHER-FLOW-EXACT-CLOSURE-FLAGSHIP-ARTICLE,.local/obsidian/aether-flow-wiki/02_sources/tex/tex-ontology-aether-flow-exact-closure-flagship-article.md,obsidian_note,generated_memory_note,generated_noncanonical,humans_and_agents,ec4ea642009a242e8d030d7d59a174d20a82f6f693a6144cd1cc95ad778543ef,TEX-ONTOLOGY-AETHER-FLOW-EXACT-CLOSURE-FLAGSHIP-ARTICLE,TEX-ONTOLOGY-AETHER-FLOW-EXACT-CLOSURE-FLAGSHIP-ARTICLE,,obsidian-wiki,PASS,2026-06-08T01:55:35Z,Generated local Obsidian memory note; not canonical authority.,TEX-ONTOLOGY-AETHER-FLOW-EXACT-CLOSURE-FLAGSHIP-ARTICLE,TEX_SOURCE_REGISTRY.csv,.local/obsidian/aether-flow-wiki,.local/obsidian/aether-flow-wiki/02_sources/tex/tex-ontology-aether-flow-exact-closure-flagship-article.md,.local/obsidian/aether-flow-wiki/01_raw/tex/tex-ontology-aether-flow-exact-closure-flagship-article.tex,,.local/obsidian/aether-flow-wiki/03_indexes/by-format-tex.md,local_generated,2026-06-08T01:55:35Z
VAULT-TEX-ONTOLOGY-AETHER-FLOW-EXACT-CLOSURE-NOTE,.local/obsidian/aether-flow-wiki/02_sources/tex/tex-ontology-aether-flow-exact-closure-note.md,obsidian_note,generated_memory_note,generated_noncanonical,humans_and_agents,0d954fa44d238b6f14d04f82873b4e117925e5920e87c408525dc451a2662100,TEX-ONTOLOGY-AETHER-FLOW-EXACT-CLOSURE-NOTE,TEX-ONTOLOGY-AETHER-FLOW-EXACT-CLOSURE-NOTE,,obsidian-wiki,PASS,2026-06-08T01:55:35Z,Generated local Obsidian memory note; not canonical authority.,TEX-ONTOLOGY-AETHER-FLOW-EXACT-CLOSURE-NOTE,TEX_SOURCE_REGISTRY.csv,.local/obsidian/aether-flow-wiki,.local/obsidian/aether-flow-wiki/02_sources/tex/tex-ontology-aether-flow-exact-closure-note.md,.local/obsidian/aether-flow-wiki/01_raw/tex/tex-ontology-aether-flow-exact-closure-note.tex,,.local/obsidian/aether-flow-wiki/03_indexes/by-format-tex.md,local_generated,2026-06-08T01:55:35Z
VAULT-TEX-ONTOLOGY-AETHER-FLOW-EXACT-CLOSURE-SEQUENCE-OVERVIEW,.local/obsidian/aether-flow-wiki/02_sources/tex/tex-ontology-aether-flow-exact-closure-sequence-overview.md,obsidian_note,generated_memory_note,generated_noncanonical,humans_and_agents,5cdb51f8d16d53c3a64d7e0c6e2c140fde2020e33d90177e50b2f98b8ba71fbf,TEX-ONTOLOGY-AETHER-FLOW-EXACT-CLOSURE-SEQUENCE-OVERVIEW,TEX-ONTOLOGY-AETHER-FLOW-EXACT-CLOSURE-SEQUENCE-OVERVIEW,,obsidian-wiki,PASS,2026-06-08T01:55:35Z,Generated local Obsidian memory note; not canonical authority.,TEX-ONTOLOGY-AETHER-FLOW-EXACT-CLOSURE-SEQUENCE-OVERVIEW,TEX_SOURCE_REGISTRY.csv,.local/obsidian/aether-flow-wiki,.local/obsidian/aether-flow-wiki/02_sources/tex/tex-ontology-aether-flow-exact-closure-sequence-overview.md,.local/obsidian/aether-flow-wiki/01_raw/tex/tex-ontology-aether-flow-exact-closure-sequence-overview.tex,,.local/obsidian/aether-flow-wiki/03_indexes/by-format-tex.md,local_generated,2026-06-08T01:55:35Z
VAULT-TEX-ONTOLOGY-AETHER-FLOW-FOUNDATIONS,.local/obsidian/aether-flow-wiki/02_sources/tex/tex-ontology-aether-flow-foundations.md,obsidian_note,generated_memory_note,generated_noncanonical,humans_and_agents,c754ac32f4db4e3cd1a4cac5b15048b24c3d9965819c843857c6851e3242fb00,TEX-ONTOLOGY-AETHER-FLOW-FOUNDATIONS,TEX-ONTOLOGY-AETHER-FLOW-FOUNDATIONS,,obsidian-wiki,PASS,2026-06-08T01:55:35Z,Generated local Obsidian memory note; not canonical authority.,TEX-ONTOLOGY-AETHER-FLOW-FOUNDATIONS,TEX_SOURCE_REGISTRY.csv,.local/obsidian/aether-flow-wiki,.local/obsidian/aether-flow-wiki/02_sources/tex/tex-ontology-aether-flow-foundations.md,.local/obsidian/aether-flow-wiki/01_raw/tex/tex-ontology-aether-flow-foundations.tex,,.local/obsidian/aether-flow-wiki/03_indexes/by-format-tex.md,local_generated,2026-06-08T01:55:35Z
VAULT-TEX-ONTOLOGY-AETHER-FLOW-GEOMETRY,.local/obsidian/aether-flow-wiki/02_sources/tex/tex-ontology-aether-flow-geometry.md,obsidian_note,generated_memory_note,generated_noncanonical,humans_and_agents,839074e6fefa9ef4e7ea5635118d808593dfcd5f58c778285293c8194624ba10,TEX-ONTOLOGY-AETHER-FLOW-GEOMETRY,TEX-ONTOLOGY-AETHER-FLOW-GEOMETRY,,obsidian-wiki,PASS,2026-06-08T01:55:35Z,Generated local Obsidian memory note; not canonical authority.,TEX-ONTOLOGY-AETHER-FLOW-GEOMETRY,TEX_SOURCE_REGISTRY.csv,.local/obsidian/aether-flow-wiki,.local/obsidian/aether-flow-wiki/02_sources/tex/tex-ontology-aether-flow-geometry.md,.local/obsidian/aether-flow-wiki/01_raw/tex/tex-ontology-aether-flow-geometry.tex,,.local/obsidian/aether-flow-wiki/03_indexes/by-format-tex.md,local_generated,2026-06-08T01:55:35Z
VAULT-TEX-ONTOLOGY-AETHER-FLOW-RELATIVISTIC-RECOVERY,.local/obsidian/aether-flow-wiki/02_sources/tex/tex-ontology-aether-flow-relativistic-recovery.md,obsidian_note,generated_memory_note,generated_noncanonical,humans_and_agents,1cc7d93547083adcf3d5fd80ec927c7c0e0288f9e42a3959f814532d32e6038f,TEX-ONTOLOGY-AETHER-FLOW-RELATIVISTIC-RECOVERY,TEX-ONTOLOGY-AETHER-FLOW-RELATIVISTIC-RECOVERY,,obsidian-wiki,PASS,2026-06-08T01:55:35Z,Generated local Obsidian memory note; not canonical authority.,TEX-ONTOLOGY-AETHER-FLOW-RELATIVISTIC-RECOVERY,TEX_SOURCE_REGISTRY.csv,.local/obsidian/aether-flow-wiki,.local/obsidian/aether-flow-wiki/02_sources/tex/tex-ontology-aether-flow-relativistic-recovery.md,.local/obsidian/aether-flow-wiki/01_raw/tex/tex-ontology-aether-flow-relativistic-recovery.tex,,.local/obsidian/aether-flow-wiki/03_indexes/by-format-tex.md,local_generated,2026-06-08T01:55:35Z
VAULT-TEX-RESEARCH-CONTROL-GATE0-ONTOLOGY-FORMALIZATION,.local/obsidian/aether-flow-wiki/02_sources/tex/tex-research-control-gate0-ontology-formalization.md,obsidian_note,generated_memory_note,generated_noncanonical,humans_and_agents,50717913a6ef3d2df0f75d7ba83c5c56688d7659a7b7b4a662613435b24c8444,TEX-RESEARCH-CONTROL-GATE0-ONTOLOGY-FORMALIZATION,TEX-RESEARCH-CONTROL-GATE0-ONTOLOGY-FORMALIZATION,,obsidian-wiki,PASS,2026-06-08T22:07:09Z,Generated local Obsidian memory note; not canonical authority.,TEX-RESEARCH-CONTROL-GATE0-ONTOLOGY-FORMALIZATION,TEX_SOURCE_REGISTRY.csv,.local/obsidian/aether-flow-wiki,.local/obsidian/aether-flow-wiki/02_sources/tex/tex-research-control-gate0-ontology-formalization.md,.local/obsidian/aether-flow-wiki/01_raw/tex/tex-research-control-gate0-ontology-formalization.tex,,.local/obsidian/aether-flow-wiki/03_indexes/by-format-tex.md,local_generated,2026-06-08T22:07:09Z
VAULT-TEX-RESEARCH-CONTROL-LOCALIZATION-CANDIDATE-PACKET,.local/obsidian/aether-flow-wiki/02_sources/tex/tex-research-control-localization-candidate-packet.md,obsidian_note,generated_memory_note,generated_noncanonical,humans_and_agents,c450598597528ea28b8f63482f24ee8884748398e3bf7c945dd968719cbad2fc,TEX-RESEARCH-CONTROL-LOCALIZATION-CANDIDATE-PACKET,TEX-RESEARCH-CONTROL-LOCALIZATION-CANDIDATE-PACKET,,obsidian-wiki,PASS,2026-06-08T22:21:52Z,Generated local Obsidian memory note; not canonical authority.,TEX-RESEARCH-CONTROL-LOCALIZATION-CANDIDATE-PACKET,TEX_SOURCE_REGISTRY.csv,.local/obsidian/aether-flow-wiki,.local/obsidian/aether-flow-wiki/02_sources/tex/tex-research-control-localization-candidate-packet.md,.local/obsidian/aether-flow-wiki/01_raw/tex/tex-research-control-localization-candidate-packet.tex,,.local/obsidian/aether-flow-wiki/03_indexes/by-format-tex.md,local_generated,2026-06-08T22:21:52Z
VAULT-TEX-RESEARCH-CONTROL-LOCALIZATION-REPAIR-REFUTATION,.local/obsidian/aether-flow-wiki/02_sources/tex/tex-research-control-localization-repair-refutation.md,obsidian_note,generated_memory_note,generated_noncanonical,humans_and_agents,1430a4e4a6fd5da677c98328abcdd2205e478e4aa306f81019142f40c51c1ac6,TEX-RESEARCH-CONTROL-LOCALIZATION-REPAIR-REFUTATION,TEX-RESEARCH-CONTROL-LOCALIZATION-REPAIR-REFUTATION,,obsidian-wiki,PASS,2026-06-09T00:09:12Z,Generated local Obsidian memory note; not canonical authority.,TEX-RESEARCH-CONTROL-LOCALIZATION-REPAIR-REFUTATION,TEX_SOURCE_REGISTRY.csv,.local/obsidian/aether-flow-wiki,.local/obsidian/aether-flow-wiki/02_sources/tex/tex-research-control-localization-repair-refutation.md,.local/obsidian/aether-flow-wiki/01_raw/tex/tex-research-control-localization-repair-refutation.tex,,.local/obsidian/aether-flow-wiki/03_indexes/by-format-tex.md,local_generated,2026-06-09T00:09:12Z
VAULT-TEX-RESEARCH-CONTROL-LOCALIZATION-SMUGGLING-AUDIT,.local/obsidian/aether-flow-wiki/02_sources/tex/tex-research-control-localization-smuggling-audit.md,obsidian_note,generated_memory_note,generated_noncanonical,humans_and_agents,665dc12e7244e2f7b40891e497f6830034a167d85d621e27678f47da93ff03d0,TEX-RESEARCH-CONTROL-LOCALIZATION-SMUGGLING-AUDIT,TEX-RESEARCH-CONTROL-LOCALIZATION-SMUGGLING-AUDIT,,obsidian-wiki,PASS,2026-06-08T23:50:34Z,Generated local Obsidian memory note; not canonical authority.,TEX-RESEARCH-CONTROL-LOCALIZATION-SMUGGLING-AUDIT,TEX_SOURCE_REGISTRY.csv,.local/obsidian/aether-flow-wiki,.local/obsidian/aether-flow-wiki/02_sources/tex/tex-research-control-localization-smuggling-audit.md,.local/obsidian/aether-flow-wiki/01_raw/tex/tex-research-control-localization-smuggling-audit.tex,,.local/obsidian/aether-flow-wiki/03_indexes/by-format-tex.md,local_generated,2026-06-08T23:50:34Z
VAULT-TEX-RESEARCH-CONTROL-LOCALIZATION-SOURCE-BASIS-AXIOM-BENCHMARK-INDEPENDENCE-REFUTATION,.local/obsidian/aether-flow-wiki/02_sources/tex/tex-research-control-localization-source-basis-axiom-benchmark-independence-refutation.md,obsidian_note,generated_memory_note,generated_noncanonical,humans_and_agents,d8ffe8c1d8deec3b27977b360a2c25f299dfeacc77c0ae65404e42cd2523c496,TEX-RESEARCH-CONTROL-LOCALIZATION-SOURCE-BASIS-AXIOM-BENCHMARK-INDEPENDENCE-REFUTATION,TEX-RESEARCH-CONTROL-LOCALIZATION-SOURCE-BASIS-AXIOM-BENCHMARK-INDEPENDENCE-REFUTATION,,obsidian-wiki,PASS,2026-06-09T13:58:14Z,Generated local Obsidian memory note; not canonical authority.,TEX-RESEARCH-CONTROL-LOCALIZATION-SOURCE-BASIS-AXIOM-BENCHMARK-INDEPENDENCE-REFUTATION,TEX_SOURCE_REGISTRY.csv,.local/obsidian/aether-flow-wiki,.local/obsidian/aether-flow-wiki/02_sources/tex/tex-research-control-localization-source-basis-axiom-benchmark-independence-refutation.md,.local/obsidian/aether-flow-wiki/01_raw/tex/tex-research-control-localization-source-basis-axiom-benchmark-independence-refutation.tex,,.local/obsidian/aether-flow-wiki/03_indexes/by-format-tex.md,local_generated,2026-06-09T13:58:14Z
VAULT-TEX-RESEARCH-CONTROL-LOCALIZATION-SOURCE-BASIS-AXIOM-JUSTIFICATION,.local/obsidian/aether-flow-wiki/02_sources/tex/tex-research-control-localization-source-basis-axiom-justification.md,obsidian_note,generated_memory_note,generated_noncanonical,humans_and_agents,aa44ab21768e62b990498caadb8a741cbe704a09339d80823f32c8c6e27aaef7,TEX-RESEARCH-CONTROL-LOCALIZATION-SOURCE-BASIS-AXIOM-JUSTIFICATION,TEX-RESEARCH-CONTROL-LOCALIZATION-SOURCE-BASIS-AXIOM-JUSTIFICATION,,obsidian-wiki,PASS,2026-06-09T00:52:07Z,Generated local Obsidian memory note; not canonical authority.,TEX-RESEARCH-CONTROL-LOCALIZATION-SOURCE-BASIS-AXIOM-JUSTIFICATION,TEX_SOURCE_REGISTRY.csv,.local/obsidian/aether-flow-wiki,.local/obsidian/aether-flow-wiki/02_sources/tex/tex-research-control-localization-source-basis-axiom-justification.md,.local/obsidian/aether-flow-wiki/01_raw/tex/tex-research-control-localization-source-basis-axiom-justification.tex,,.local/obsidian/aether-flow-wiki/03_indexes/by-format-tex.md,local_generated,2026-06-09T00:52:07Z
VAULT-TEX-RESEARCH-CONTROL-LOCALIZATION-SOURCE-BASIS-AXIOM-SELECTION-LAW-BENCHMARK-INDEPENDENCE-REFUTATION,.local/obsidian/aether-flow-wiki/02_sources/tex/tex-research-control-localization-source-basis-axiom-selection-law-benchmark-independence-refutation.md,obsidian_note,generated_memory_note,generated_noncanonical,humans_and_agents,590abce4589771f5fecbab92625477e8bf48e2c100e28ce75313cc4a0886e3ca,TEX-RESEARCH-CONTROL-LOCALIZATION-SOURCE-BASIS-AXIOM-SELECTION-LAW-BENCHMARK-INDEPENDENCE-REFUTATION,TEX-RESEARCH-CONTROL-LOCALIZATION-SOURCE-BASIS-AXIOM-SELECTION-LAW-BENCHMARK-INDEPENDENCE-REFUTATION,,obsidian-wiki,PASS,2026-06-09T23:45:49Z,Generated local Obsidian memory note; not canonical authority.,TEX-RESEARCH-CONTROL-LOCALIZATION-SOURCE-BASIS-AXIOM-SELECTION-LAW-BENCHMARK-INDEPENDENCE-REFUTATION,TEX_SOURCE_REGISTRY.csv,.local/obsidian/aether-flow-wiki,.local/obsidian/aether-flow-wiki/02_sources/tex/tex-research-control-localization-source-basis-axiom-selection-law-benchmark-independence-refutation.md,.local/obsidian/aether-flow-wiki/01_raw/tex/tex-research-control-localization-source-basis-axiom-selection-law-benchmark-independence-refutation.tex,,.local/obsidian/aether-flow-wiki/03_indexes/by-format-tex.md,local_generated,2026-06-09T23:45:49Z
VAULT-TEX-RESEARCH-CONTROL-LOCALIZATION-SOURCE-BASIS-AXIOM-SELECTION-LAW-PACKET,.local/obsidian/aether-flow-wiki/02_sources/tex/tex-research-control-localization-source-basis-axiom-selection-law-packet.md,obsidian_note,generated_memory_note,generated_noncanonical,humans_and_agents,265e68aff2b120853744c0bde7904e021d2b75e0518f77f58b8e5cccc5a99cce,TEX-RESEARCH-CONTROL-LOCALIZATION-SOURCE-BASIS-AXIOM-SELECTION-LAW-PACKET,TEX-RESEARCH-CONTROL-LOCALIZATION-SOURCE-BASIS-AXIOM-SELECTION-LAW-PACKET,,obsidian-wiki,PASS,2026-06-09T14:09:19Z,Generated local Obsidian memory note; not canonical authority.,TEX-RESEARCH-CONTROL-LOCALIZATION-SOURCE-BASIS-AXIOM-SELECTION-LAW-PACKET,TEX_SOURCE_REGISTRY.csv,.local/obsidian/aether-flow-wiki,.local/obsidian/aether-flow-wiki/02_sources/tex/tex-research-control-localization-source-basis-axiom-selection-law-packet.md,.local/obsidian/aether-flow-wiki/01_raw/tex/tex-research-control-localization-source-basis-axiom-selection-law-packet.tex,,.local/obsidian/aether-flow-wiki/03_indexes/by-format-tex.md,local_generated,2026-06-09T14:09:19Z
VAULT-TEX-RESEARCH-CONTROL-LOCALIZATION-SOURCE-BASIS-AXIOM-SELECTION-LAW-SMUGGLING-AUDIT,.local/obsidian/aether-flow-wiki/02_sources/tex/tex-research-control-localization-source-basis-axiom-selection-law-smuggling-audit.md,obsidian_note,generated_memory_note,generated_noncanonical,humans_and_agents,a449d139c568216c86efa2033fcb364dfc1d88658f66eea13773cf767a36f61e,TEX-RESEARCH-CONTROL-LOCALIZATION-SOURCE-BASIS-AXIOM-SELECTION-LAW-SMUGGLING-AUDIT,TEX-RESEARCH-CONTROL-LOCALIZATION-SOURCE-BASIS-AXIOM-SELECTION-LAW-SMUGGLING-AUDIT,,obsidian-wiki,PASS,2026-06-09T23:37:16Z,Generated local Obsidian memory note; not canonical authority.,TEX-RESEARCH-CONTROL-LOCALIZATION-SOURCE-BASIS-AXIOM-SELECTION-LAW-SMUGGLING-AUDIT,TEX_SOURCE_REGISTRY.csv,.local/obsidian/aether-flow-wiki,.local/obsidian/aether-flow-wiki/02_sources/tex/tex-research-control-localization-source-basis-axiom-selection-law-smuggling-audit.md,.local/obsidian/aether-flow-wiki/01_raw/tex/tex-research-control-localization-source-basis-axiom-selection-law-smuggling-audit.tex,,.local/obsidian/aether-flow-wiki/03_indexes/by-format-tex.md,local_generated,2026-06-09T23:37:16Z
VAULT-TEX-RESEARCH-CONTROL-LOCALIZATION-SOURCE-BASIS-AXIOM-SELECTOR-DOMAIN-BENCHMARK-INDEPENDENCE-REFUTATION,.local/obsidian/aether-flow-wiki/02_sources/tex/tex-research-control-localization-source-basis-axiom-selector-domain-benchmark-independence-refutation.md,obsidian_note,generated_memory_note,generated_noncanonical,humans_and_agents,7627791ca1120522c82d2053888a57b76589d48d4f623920a122c9791352fb68,TEX-RESEARCH-CONTROL-LOCALIZATION-SOURCE-BASIS-AXIOM-SELECTOR-DOMAIN-BENCHMARK-INDEPENDENCE-REFUTATION,TEX-RESEARCH-CONTROL-LOCALIZATION-SOURCE-BASIS-AXIOM-SELECTOR-DOMAIN-BENCHMARK-INDEPENDENCE-REFUTATION,,obsidian-wiki,PASS,2026-06-10T00:27:00Z,Generated local Obsidian memory note; not canonical authority.,TEX-RESEARCH-CONTROL-LOCALIZATION-SOURCE-BASIS-AXIOM-SELECTOR-DOMAIN-BENCHMARK-INDEPENDENCE-REFUTATION,TEX_SOURCE_REGISTRY.csv,.local/obsidian/aether-flow-wiki,.local/obsidian/aether-flow-wiki/02_sources/tex/tex-research-control-localization-source-basis-axiom-selector-domain-benchmark-independence-refutation.md,.local/obsidian/aether-flow-wiki/01_raw/tex/tex-research-control-localization-source-basis-axiom-selector-domain-benchmark-independence-refutation.tex,,.local/obsidian/aether-flow-wiki/03_indexes/by-format-tex.md,local_generated,2026-06-10T00:27:00Z
VAULT-TEX-RESEARCH-CONTROL-LOCALIZATION-SOURCE-BASIS-AXIOM-SELECTOR-DOMAIN-FINITE-SURVEY-PROTOCOL-BENCHMARK-INDEPENDENCE-REFUTATION,.local/obsidian/aether-flow-wiki/02_sources/tex/tex-research-control-localization-source-basis-axiom-selector-domain-finite-survey-protocol-benchmark-independence-refutation.md,obsidian_note,generated_memory_note,generated_noncanonical,humans_and_agents,c6d9841859cbeb40ecb2b1f6e629aa76b455e8c75151d1bc14ac24ee9e8f9332,TEX-RESEARCH-CONTROL-LOCALIZATION-SOURCE-BASIS-AXIOM-SELECTOR-DOMAIN-FINITE-SURVEY-PROTOCOL-BENCHMARK-INDEPENDENCE-REFUTATION,TEX-RESEARCH-CONTROL-LOCALIZATION-SOURCE-BASIS-AXIOM-SELECTOR-DOMAIN-FINITE-SURVEY-PROTOCOL-BENCHMARK-INDEPENDENCE-REFUTATION,,obsidian-wiki,PASS,2026-06-10T05:36:37Z,Generated local Obsidian memory note; not canonical authority.,TEX-RESEARCH-CONTROL-LOCALIZATION-SOURCE-BASIS-AXIOM-SELECTOR-DOMAIN-FINITE-SURVEY-PROTOCOL-BENCHMARK-INDEPENDENCE-REFUTATION,TEX_SOURCE_REGISTRY.csv,.local/obsidian/aether-flow-wiki,.local/obsidian/aether-flow-wiki/02_sources/tex/tex-research-control-localization-source-basis-axiom-selector-domain-finite-survey-protocol-benchmark-independence-refutation.md,.local/obsidian/aether-flow-wiki/01_raw/tex/tex-research-control-localization-source-basis-axiom-selector-domain-finite-survey-protocol-benchmark-independence-refutation.tex,,.local/obsidian/aether-flow-wiki/03_indexes/by-format-tex.md,local_generated,2026-06-10T05:36:37Z
VAULT-TEX-RESEARCH-CONTROL-LOCALIZATION-SOURCE-BASIS-AXIOM-SELECTOR-DOMAIN-FINITE-SURVEY-PROTOCOL-PACKET,.local/obsidian/aether-flow-wiki/02_sources/tex/tex-research-control-localization-source-basis-axiom-selector-domain-finite-survey-protocol-packet.md,obsidian_note,generated_memory_note,generated_noncanonical,humans_and_agents,33d1114b654f302f817894ef9933ca272ae7a0f0804bd3cc00a4ef77005a001f,TEX-RESEARCH-CONTROL-LOCALIZATION-SOURCE-BASIS-AXIOM-SELECTOR-DOMAIN-FINITE-SURVEY-PROTOCOL-PACKET,TEX-RESEARCH-CONTROL-LOCALIZATION-SOURCE-BASIS-AXIOM-SELECTOR-DOMAIN-FINITE-SURVEY-PROTOCOL-PACKET,,obsidian-wiki,PASS,2026-06-10T00:47:57Z,Generated local Obsidian memory note; not canonical authority.,TEX-RESEARCH-CONTROL-LOCALIZATION-SOURCE-BASIS-AXIOM-SELECTOR-DOMAIN-FINITE-SURVEY-PROTOCOL-PACKET,TEX_SOURCE_REGISTRY.csv,.local/obsidian/aether-flow-wiki,.local/obsidian/aether-flow-wiki/02_sources/tex/tex-research-control-localization-source-basis-axiom-selector-domain-finite-survey-protocol-packet.md,.local/obsidian/aether-flow-wiki/01_raw/tex/tex-research-control-localization-source-basis-axiom-selector-domain-finite-survey-protocol-packet.tex,,.local/obsidian/aether-flow-wiki/03_indexes/by-format-tex.md,local_generated,2026-06-10T00:47:57Z
VAULT-TEX-RESEARCH-CONTROL-LOCALIZATION-SOURCE-BASIS-AXIOM-SELECTOR-DOMAIN-FINITE-SURVEY-PROTOCOL-SMUGGLING-AUDIT,.local/obsidian/aether-flow-wiki/02_sources/tex/tex-research-control-localization-source-basis-axiom-selector-domain-finite-survey-protocol-smuggling-audit.md,obsidian_note,generated_memory_note,generated_noncanonical,humans_and_agents,fb39d36e78b99480b64f0caf2d3e2824ce8b4d96582f29866be91237e4118922,TEX-RESEARCH-CONTROL-LOCALIZATION-SOURCE-BASIS-AXIOM-SELECTOR-DOMAIN-FINITE-SURVEY-PROTOCOL-SMUGGLING-AUDIT,TEX-RESEARCH-CONTROL-LOCALIZATION-SOURCE-BASIS-AXIOM-SELECTOR-DOMAIN-FINITE-SURVEY-PROTOCOL-SMUGGLING-AUDIT,,obsidian-wiki,PASS,2026-06-10T00:55:56Z,Generated local Obsidian memory note; not canonical authority.,TEX-RESEARCH-CONTROL-LOCALIZATION-SOURCE-BASIS-AXIOM-SELECTOR-DOMAIN-FINITE-SURVEY-PROTOCOL-SMUGGLING-AUDIT,TEX_SOURCE_REGISTRY.csv,.local/obsidian/aether-flow-wiki,.local/obsidian/aether-flow-wiki/02_sources/tex/tex-research-control-localization-source-basis-axiom-selector-domain-finite-survey-protocol-smuggling-audit.md,.local/obsidian/aether-flow-wiki/01_raw/tex/tex-research-control-localization-source-basis-axiom-selector-domain-finite-survey-protocol-smuggling-audit.tex,,.local/obsidian/aether-flow-wiki/03_indexes/by-format-tex.md,local_generated,2026-06-10T00:55:56Z
VAULT-TEX-RESEARCH-CONTROL-LOCALIZATION-SOURCE-BASIS-AXIOM-SELECTOR-DOMAIN-FINITE-VARIATION-BENCHMARK-INDEPENDENCE-REFUTATION,.local/obsidian/aether-flow-wiki/02_sources/tex/tex-research-control-localization-source-basis-axiom-selector-domain-finite-variation-benchmark-independence-refutation.md,obsidian_note,generated_memory_note,generated_noncanonical,humans_and_agents,a92b9618c041b810875c1b22682780679ca543e221342258f35b7022c0d473c3,TEX-RESEARCH-CONTROL-LOCALIZATION-SOURCE-BASIS-AXIOM-SELECTOR-DOMAIN-FINITE-VARIATION-BENCHMARK-INDEPENDENCE-REFUTATION,TEX-RESEARCH-CONTROL-LOCALIZATION-SOURCE-BASIS-AXIOM-SELECTOR-DOMAIN-FINITE-VARIATION-BENCHMARK-INDEPENDENCE-REFUTATION,,obsidian-wiki,PASS,2026-06-11T03:48:38Z,Generated local Obsidian memory note; not canonical authority.,TEX-RESEARCH-CONTROL-LOCALIZATION-SOURCE-BASIS-AXIOM-SELECTOR-DOMAIN-FINITE-VARIATION-BENCHMARK-INDEPENDENCE-REFUTATION,TEX_SOURCE_REGISTRY.csv,.local/obsidian/aether-flow-wiki,.local/obsidian/aether-flow-wiki/02_sources/tex/tex-research-control-localization-source-basis-axiom-selector-domain-finite-variation-benchmark-independence-refutation.md,.local/obsidian/aether-flow-wiki/01_raw/tex/tex-research-control-localization-source-basis-axiom-selector-domain-finite-variation-benchmark-independence-refutation.tex,,.local/obsidian/aether-flow-wiki/03_indexes/by-format-tex.md,local_generated,2026-06-11T03:48:38Z
VAULT-TEX-RESEARCH-CONTROL-LOCALIZATION-SOURCE-BASIS-AXIOM-SELECTOR-DOMAIN-FINITE-VARIATION-REPAIR-PACKET,.local/obsidian/aether-flow-wiki/02_sources/tex/tex-research-control-localization-source-basis-axiom-selector-domain-finite-variation-repair-packet.md,obsidian_note,generated_memory_note,generated_noncanonical,humans_and_agents,c66851e47ed58604ca63a54828caef092cd1efa91f9f15b6cd5f8ff01aa0260a,TEX-RESEARCH-CONTROL-LOCALIZATION-SOURCE-BASIS-AXIOM-SELECTOR-DOMAIN-FINITE-VARIATION-REPAIR-PACKET,TEX-RESEARCH-CONTROL-LOCALIZATION-SOURCE-BASIS-AXIOM-SELECTOR-DOMAIN-FINITE-VARIATION-REPAIR-PACKET,,obsidian-wiki,PASS,2026-06-10T05:48:43Z,Generated local Obsidian memory note; not canonical authority.,TEX-RESEARCH-CONTROL-LOCALIZATION-SOURCE-BASIS-AXIOM-SELECTOR-DOMAIN-FINITE-VARIATION-REPAIR-PACKET,TEX_SOURCE_REGISTRY.csv,.local/obsidian/aether-flow-wiki,.local/obsidian/aether-flow-wiki/02_sources/tex/tex-research-control-localization-source-basis-axiom-selector-domain-finite-variation-repair-packet.md,.local/obsidian/aether-flow-wiki/01_raw/tex/tex-research-control-localization-source-basis-axiom-selector-domain-finite-variation-repair-packet.tex,,.local/obsidian/aether-flow-wiki/03_indexes/by-format-tex.md,local_generated,2026-06-10T05:48:43Z
VAULT-TEX-RESEARCH-CONTROL-LOCALIZATION-SOURCE-BASIS-AXIOM-SELECTOR-DOMAIN-FINITE-VARIATION-SMUGGLING-AUDIT,.local/obsidian/aether-flow-wiki/02_sources/tex/tex-research-control-localization-source-basis-axiom-selector-domain-finite-variation-smuggling-audit.md,obsidian_note,generated_memory_note,generated_noncanonical,humans_and_agents,e032d4297c85b455d9c896169216c43de87668b4a375c4521af613c2e63d9874,TEX-RESEARCH-CONTROL-LOCALIZATION-SOURCE-BASIS-AXIOM-SELECTOR-DOMAIN-FINITE-VARIATION-SMUGGLING-AUDIT,TEX-RESEARCH-CONTROL-LOCALIZATION-SOURCE-BASIS-AXIOM-SELECTOR-DOMAIN-FINITE-VARIATION-SMUGGLING-AUDIT,,obsidian-wiki,PASS,2026-06-10T16:27:13Z,Generated local Obsidian memory note; not canonical authority.,TEX-RESEARCH-CONTROL-LOCALIZATION-SOURCE-BASIS-AXIOM-SELECTOR-DOMAIN-FINITE-VARIATION-SMUGGLING-AUDIT,TEX_SOURCE_REGISTRY.csv,.local/obsidian/aether-flow-wiki,.local/obsidian/aether-flow-wiki/02_sources/tex/tex-research-control-localization-source-basis-axiom-selector-domain-finite-variation-smuggling-audit.md,.local/obsidian/aether-flow-wiki/01_raw/tex/tex-research-control-localization-source-basis-axiom-selector-domain-finite-variation-smuggling-audit.tex,,.local/obsidian/aether-flow-wiki/03_indexes/by-format-tex.md,local_generated,2026-06-10T16:27:13Z
VAULT-TEX-RESEARCH-CONTROL-LOCALIZATION-SOURCE-BASIS-AXIOM-SELECTOR-DOMAIN-REPAIR-PACKET,.local/obsidian/aether-flow-wiki/02_sources/tex/tex-research-control-localization-source-basis-axiom-selector-domain-repair-packet.md,obsidian_note,generated_memory_note,generated_noncanonical,humans_and_agents,0b4b4ae677a660759848bb52efc6cbf80ffd123a6e80ad2447be39f468925117,TEX-RESEARCH-CONTROL-LOCALIZATION-SOURCE-BASIS-AXIOM-SELECTOR-DOMAIN-REPAIR-PACKET,TEX-RESEARCH-CONTROL-LOCALIZATION-SOURCE-BASIS-AXIOM-SELECTOR-DOMAIN-REPAIR-PACKET,,obsidian-wiki,PASS,2026-06-09T23:54:02Z,Generated local Obsidian memory note; not canonical authority.,TEX-RESEARCH-CONTROL-LOCALIZATION-SOURCE-BASIS-AXIOM-SELECTOR-DOMAIN-REPAIR-PACKET,TEX_SOURCE_REGISTRY.csv,.local/obsidian/aether-flow-wiki,.local/obsidian/aether-flow-wiki/02_sources/tex/tex-research-control-localization-source-basis-axiom-selector-domain-repair-packet.md,.local/obsidian/aether-flow-wiki/01_raw/tex/tex-research-control-localization-source-basis-axiom-selector-domain-repair-packet.tex,,.local/obsidian/aether-flow-wiki/03_indexes/by-format-tex.md,local_generated,2026-06-09T23:54:02Z
VAULT-TEX-RESEARCH-CONTROL-LOCALIZATION-SOURCE-BASIS-AXIOM-SELECTOR-DOMAIN-SMUGGLING-AUDIT,.local/obsidian/aether-flow-wiki/02_sources/tex/tex-research-control-localization-source-basis-axiom-selector-domain-smuggling-audit.md,obsidian_note,generated_memory_note,generated_noncanonical,humans_and_agents,4d052b85e78a7df949c937780dfb4fa496587ecf541c94adf0fd898b654aa5bf,TEX-RESEARCH-CONTROL-LOCALIZATION-SOURCE-BASIS-AXIOM-SELECTOR-DOMAIN-SMUGGLING-AUDIT,TEX-RESEARCH-CONTROL-LOCALIZATION-SOURCE-BASIS-AXIOM-SELECTOR-DOMAIN-SMUGGLING-AUDIT,,obsidian-wiki,PASS,2026-06-10T00:08:19Z,Generated local Obsidian memory note; not canonical authority.,TEX-RESEARCH-CONTROL-LOCALIZATION-SOURCE-BASIS-AXIOM-SELECTOR-DOMAIN-SMUGGLING-AUDIT,TEX_SOURCE_REGISTRY.csv,.local/obsidian/aether-flow-wiki,.local/obsidian/aether-flow-wiki/02_sources/tex/tex-research-control-localization-source-basis-axiom-selector-domain-smuggling-audit.md,.local/obsidian/aether-flow-wiki/01_raw/tex/tex-research-control-localization-source-basis-axiom-selector-domain-smuggling-audit.tex,,.local/obsidian/aether-flow-wiki/03_indexes/by-format-tex.md,local_generated,2026-06-10T00:08:19Z
VAULT-TEX-RESEARCH-CONTROL-LOCALIZATION-SOURCE-BASIS-AXIOM-SMUGGLING-AUDIT,.local/obsidian/aether-flow-wiki/02_sources/tex/tex-research-control-localization-source-basis-axiom-smuggling-audit.md,obsidian_note,generated_memory_note,generated_noncanonical,humans_and_agents,be0571028af48d775faaa81eaebb9f6b947bc30a7ee7a52e4250010d4b30a8ad,TEX-RESEARCH-CONTROL-LOCALIZATION-SOURCE-BASIS-AXIOM-SMUGGLING-AUDIT,TEX-RESEARCH-CONTROL-LOCALIZATION-SOURCE-BASIS-AXIOM-SMUGGLING-AUDIT,,obsidian-wiki,PASS,2026-06-09T13:44:06Z,Generated local Obsidian memory note; not canonical authority.,TEX-RESEARCH-CONTROL-LOCALIZATION-SOURCE-BASIS-AXIOM-SMUGGLING-AUDIT,TEX_SOURCE_REGISTRY.csv,.local/obsidian/aether-flow-wiki,.local/obsidian/aether-flow-wiki/02_sources/tex/tex-research-control-localization-source-basis-axiom-smuggling-audit.md,.local/obsidian/aether-flow-wiki/01_raw/tex/tex-research-control-localization-source-basis-axiom-smuggling-audit.tex,,.local/obsidian/aether-flow-wiki/03_indexes/by-format-tex.md,local_generated,2026-06-09T13:44:06Z
VAULT-TEX-RESEARCH-CONTROL-LOCALIZATION-SOURCE-BASIS-CONSERVATIVITY-REFUTATION,.local/obsidian/aether-flow-wiki/02_sources/tex/tex-research-control-localization-source-basis-conservativity-refutation.md,obsidian_note,generated_memory_note,generated_noncanonical,humans_and_agents,039f785483c8eb9b86171d2eb8fb419356e96c6c2626c0480315c0fae7d99bd7,TEX-RESEARCH-CONTROL-LOCALIZATION-SOURCE-BASIS-CONSERVATIVITY-REFUTATION,TEX-RESEARCH-CONTROL-LOCALIZATION-SOURCE-BASIS-CONSERVATIVITY-REFUTATION,,obsidian-wiki,PASS,2026-06-09T00:41:14Z,Generated local Obsidian memory note; not canonical authority.,TEX-RESEARCH-CONTROL-LOCALIZATION-SOURCE-BASIS-CONSERVATIVITY-REFUTATION,TEX_SOURCE_REGISTRY.csv,.local/obsidian/aether-flow-wiki,.local/obsidian/aether-flow-wiki/02_sources/tex/tex-research-control-localization-source-basis-conservativity-refutation.md,.local/obsidian/aether-flow-wiki/01_raw/tex/tex-research-control-localization-source-basis-conservativity-refutation.tex,,.local/obsidian/aether-flow-wiki/03_indexes/by-format-tex.md,local_generated,2026-06-09T00:41:14Z
VAULT-TEX-RESEARCH-CONTROL-LOCALIZATION-SOURCE-BASIS-FORMALIZATION,.local/obsidian/aether-flow-wiki/02_sources/tex/tex-research-control-localization-source-basis-formalization.md,obsidian_note,generated_memory_note,generated_noncanonical,humans_and_agents,55c58da81e48528fad6ac2e5d0bd66e8981dbcca51ecbe82be68fcc63a1eeb26,TEX-RESEARCH-CONTROL-LOCALIZATION-SOURCE-BASIS-FORMALIZATION,TEX-RESEARCH-CONTROL-LOCALIZATION-SOURCE-BASIS-FORMALIZATION,,obsidian-wiki,PASS,2026-06-09T00:19:46Z,Generated local Obsidian memory note; not canonical authority.,TEX-RESEARCH-CONTROL-LOCALIZATION-SOURCE-BASIS-FORMALIZATION,TEX_SOURCE_REGISTRY.csv,.local/obsidian/aether-flow-wiki,.local/obsidian/aether-flow-wiki/02_sources/tex/tex-research-control-localization-source-basis-formalization.md,.local/obsidian/aether-flow-wiki/01_raw/tex/tex-research-control-localization-source-basis-formalization.tex,,.local/obsidian/aether-flow-wiki/03_indexes/by-format-tex.md,local_generated,2026-06-09T00:19:46Z
VAULT-TEX-RESEARCH-CONTROL-LOCALIZATION-SOURCE-BASIS-SMUGGLING-AUDIT,.local/obsidian/aether-flow-wiki/02_sources/tex/tex-research-control-localization-source-basis-smuggling-audit.md,obsidian_note,generated_memory_note,generated_noncanonical,humans_and_agents,34b45efc3cc0d50b2df047fe28fd2a21377021def57a1970f2ad1d64d642e606,TEX-RESEARCH-CONTROL-LOCALIZATION-SOURCE-BASIS-SMUGGLING-AUDIT,TEX-RESEARCH-CONTROL-LOCALIZATION-SOURCE-BASIS-SMUGGLING-AUDIT,,obsidian-wiki,PASS,2026-06-09T00:26:30Z,Generated local Obsidian memory note; not canonical authority.,TEX-RESEARCH-CONTROL-LOCALIZATION-SOURCE-BASIS-SMUGGLING-AUDIT,TEX_SOURCE_REGISTRY.csv,.local/obsidian/aether-flow-wiki,.local/obsidian/aether-flow-wiki/02_sources/tex/tex-research-control-localization-source-basis-smuggling-audit.md,.local/obsidian/aether-flow-wiki/01_raw/tex/tex-research-control-localization-source-basis-smuggling-audit.tex,,.local/obsidian/aether-flow-wiki/03_indexes/by-format-tex.md,local_generated,2026-06-09T00:26:30Z
VAULT-TEX-RESEARCH-CONTROL-LOCALIZATION-SOURCE-REPAIR-PACKET,.local/obsidian/aether-flow-wiki/02_sources/tex/tex-research-control-localization-source-repair-packet.md,obsidian_note,generated_memory_note,generated_noncanonical,humans_and_agents,cf297d12204920a95817efe213ed3c5e21b06ff3157f59092e1e250742ffb539,TEX-RESEARCH-CONTROL-LOCALIZATION-SOURCE-REPAIR-PACKET,TEX-RESEARCH-CONTROL-LOCALIZATION-SOURCE-REPAIR-PACKET,,obsidian-wiki,PASS,2026-06-08T23:58:56Z,Generated local Obsidian memory note; not canonical authority.,TEX-RESEARCH-CONTROL-LOCALIZATION-SOURCE-REPAIR-PACKET,TEX_SOURCE_REGISTRY.csv,.local/obsidian/aether-flow-wiki,.local/obsidian/aether-flow-wiki/02_sources/tex/tex-research-control-localization-source-repair-packet.md,.local/obsidian/aether-flow-wiki/01_raw/tex/tex-research-control-localization-source-repair-packet.tex,,.local/obsidian/aether-flow-wiki/03_indexes/by-format-tex.md,local_generated,2026-06-08T23:58:56Z
