object_id,path,format,role,authority_status,audience,source_hash,related_source,generated_from,generated_outputs,owner_skill,validation_status,last_validated_at,notes,pdf_required,pdf_object_id,pdf_path,claim_status,research_status,ontology_promotion_status,equation_scope
TEX-ONTOLOGY-AETHER-FLOW-CONSISTENCY,ontology/tex/aether_flow_consistency.tex,tex,ontology_source,canonical,humans_and_agents,e751e7f4c4867d5e3d697e3a21e34367da1dbeacc32b6b3a32658d5df1a991e8,,,ontology/pdfs/aether_flow_consistency.pdf;wiki/tex/tex-ontology-aether-flow-consistency.md,tex-wiki,PASS,2026-06-08T00:53:31Z,Current canonical ontology package; does not prove the broader first-principles GR derivation is solved.,true,PDF-ONTOLOGY-AETHER-FLOW-CONSISTENCY,ontology/pdfs/aether_flow_consistency.pdf,benchmark_claim,canonical_ontology,accepted,gr_benchmark
TEX-ONTOLOGY-AETHER-FLOW-DYNAMICS,ontology/tex/aether_flow_dynamics.tex,tex,ontology_source,canonical,humans_and_agents,66cbb5c56694abcaff2e3679bc8f5899076acc5b4a1b9bbb4a55871f7a0ad0f4,,,ontology/pdfs/aether_flow_dynamics.pdf;wiki/tex/tex-ontology-aether-flow-dynamics.md,tex-wiki,PASS,2026-06-08T00:53:31Z,Current canonical ontology package; does not prove the broader first-principles GR derivation is solved.,true,PDF-ONTOLOGY-AETHER-FLOW-DYNAMICS,ontology/pdfs/aether_flow_dynamics.pdf,benchmark_claim,canonical_ontology,accepted,gr_benchmark
TEX-ONTOLOGY-AETHER-FLOW-EXACT-CLOSURE-FLAGSHIP-ARTICLE,ontology/tex/aether_flow_exact_closure_flagship_article.tex,tex,ontology_source,canonical,humans_and_agents,ec4ea642009a242e8d030d7d59a174d20a82f6f693a6144cd1cc95ad778543ef,,,ontology/pdfs/aether_flow_exact_closure_flagship_article.pdf;wiki/tex/tex-ontology-aether-flow-exact-closure-flagship-article.md,tex-wiki,PASS,2026-06-08T00:53:31Z,Current canonical ontology package; does not prove the broader first-principles GR derivation is solved.,true,PDF-ONTOLOGY-AETHER-FLOW-EXACT-CLOSURE-FLAGSHIP-ARTICLE,ontology/pdfs/aether_flow_exact_closure_flagship_article.pdf,benchmark_claim,canonical_ontology,accepted,gr_benchmark
TEX-ONTOLOGY-AETHER-FLOW-EXACT-CLOSURE-NOTE,ontology/tex/aether_flow_exact_closure_note.tex,tex,ontology_source,canonical,humans_and_agents,0d954fa44d238b6f14d04f82873b4e117925e5920e87c408525dc451a2662100,,,ontology/pdfs/aether_flow_exact_closure_note.pdf;wiki/tex/tex-ontology-aether-flow-exact-closure-note.md,tex-wiki,PASS,2026-06-08T00:53:31Z,Current canonical ontology package; does not prove the broader first-principles GR derivation is solved.,true,PDF-ONTOLOGY-AETHER-FLOW-EXACT-CLOSURE-NOTE,ontology/pdfs/aether_flow_exact_closure_note.pdf,benchmark_claim,canonical_ontology,accepted,gr_benchmark
TEX-ONTOLOGY-AETHER-FLOW-EXACT-CLOSURE-SEQUENCE-OVERVIEW,ontology/tex/aether_flow_exact_closure_sequence_overview.tex,tex,ontology_source,canonical,humans_and_agents,5cdb51f8d16d53c3a64d7e0c6e2c140fde2020e33d90177e50b2f98b8ba71fbf,,,ontology/pdfs/aether_flow_exact_closure_sequence_overview.pdf;wiki/tex/tex-ontology-aether-flow-exact-closure-sequence-overview.md,tex-wiki,PASS,2026-06-08T00:53:31Z,Current canonical ontology package; does not prove the broader first-principles GR derivation is solved.,true,PDF-ONTOLOGY-AETHER-FLOW-EXACT-CLOSURE-SEQUENCE-OVERVIEW,ontology/pdfs/aether_flow_exact_closure_sequence_overview.pdf,benchmark_claim,canonical_ontology,accepted,gr_benchmark
TEX-ONTOLOGY-AETHER-FLOW-FOUNDATIONS,ontology/tex/aether_flow_foundations.tex,tex,ontology_source,canonical,humans_and_agents,c754ac32f4db4e3cd1a4cac5b15048b24c3d9965819c843857c6851e3242fb00,,,ontology/pdfs/aether_flow_foundations.pdf;wiki/tex/tex-ontology-aether-flow-foundations.md,tex-wiki,PASS,2026-06-08T00:53:31Z,Current canonical ontology package; does not prove the broader first-principles GR derivation is solved.,true,PDF-ONTOLOGY-AETHER-FLOW-FOUNDATIONS,ontology/pdfs/aether_flow_foundations.pdf,benchmark_claim,canonical_ontology,accepted,gr_benchmark
TEX-ONTOLOGY-AETHER-FLOW-GEOMETRY,ontology/tex/aether_flow_geometry.tex,tex,ontology_source,canonical,humans_and_agents,839074e6fefa9ef4e7ea5635118d808593dfcd5f58c778285293c8194624ba10,,,ontology/pdfs/aether_flow_geometry.pdf;wiki/tex/tex-ontology-aether-flow-geometry.md,tex-wiki,PASS,2026-06-08T00:53:31Z,Current canonical ontology package; does not prove the broader first-principles GR derivation is solved.,true,PDF-ONTOLOGY-AETHER-FLOW-GEOMETRY,ontology/pdfs/aether_flow_geometry.pdf,benchmark_claim,canonical_ontology,accepted,gr_benchmark
TEX-ONTOLOGY-AETHER-FLOW-RELATIVISTIC-RECOVERY,ontology/tex/aether_flow_relativistic_recovery.tex,tex,ontology_source,canonical,humans_and_agents,1cc7d93547083adcf3d5fd80ec927c7c0e0288f9e42a3959f814532d32e6038f,,,ontology/pdfs/aether_flow_relativistic_recovery.pdf;wiki/tex/tex-ontology-aether-flow-relativistic-recovery.md,tex-wiki,PASS,2026-06-08T00:53:31Z,Current canonical ontology package; does not prove the broader first-principles GR derivation is solved.,true,PDF-ONTOLOGY-AETHER-FLOW-RELATIVISTIC-RECOVERY,ontology/pdfs/aether_flow_relativistic_recovery.pdf,benchmark_claim,canonical_ontology,accepted,gr_benchmark
TEX-RESEARCH-CONTROL-GATE0-ONTOLOGY-FORMALIZATION,research_control/tasks/RT-20260608-002/artifacts/01_GATE0_ONTOLOGY_FORMALIZATION.tex,tex,science_draft,draft_control_artifact,humans_and_agents,50717913a6ef3d2df0f75d7ba83c5c56688d7659a7b7b4a662613435b24c8444,TEX-ONTOLOGY-AETHER-FLOW-FOUNDATIONS;TEX-ONTOLOGY-AETHER-FLOW-DYNAMICS;TEX-ONTOLOGY-AETHER-FLOW-GEOMETRY;TEX-ONTOLOGY-AETHER-FLOW-EXACT-CLOSURE-NOTE,,wiki/tex/tex-research-control-gate0-ontology-formalization.md,tex-wiki,PASS,2026-06-08T22:03:50Z,Gate 0 source-side formalization draft for research-control task RT-20260608-002,false,,,proposal,draft,not_applicable,control_only
TEX-RESEARCH-CONTROL-LOCALIZATION-CANDIDATE-PACKET,research_control/tasks/RT-20260608-003/artifacts/02_LOCALIZATION_CANDIDATE_PACKET.tex,tex,science_draft,draft_control_artifact,humans_and_agents,c450598597528ea28b8f63482f24ee8884748398e3bf7c945dd968719cbad2fc,TEX-RESEARCH-CONTROL-GATE0-ONTOLOGY-FORMALIZATION;TEX-ONTOLOGY-AETHER-FLOW-FOUNDATIONS;TEX-ONTOLOGY-AETHER-FLOW-DYNAMICS;TEX-ONTOLOGY-AETHER-FLOW-GEOMETRY;TEX-ONTOLOGY-AETHER-FLOW-EXACT-CLOSURE-NOTE,,wiki/tex/tex-research-control-localization-candidate-packet.md,tex-wiki,PASS,2026-06-08T22:17:47Z,Candidate localization packet for research-control task RT-20260608-003,false,,,proposal,draft,not_applicable,control_only
TEX-RESEARCH-CONTROL-LOCALIZATION-REPAIR-REFUTATION,research_control/tasks/RT-20260608-006/artifacts/05_LOCALIZATION_REPAIR_REFUTATION.tex,tex,science_draft,draft_control_artifact,humans_and_agents,1430a4e4a6fd5da677c98328abcdd2205e478e4aa306f81019142f40c51c1ac6,TEX-RESEARCH-CONTROL-LOCALIZATION-SOURCE-REPAIR-PACKET;TEX-RESEARCH-CONTROL-LOCALIZATION-SMUGGLING-AUDIT;TEX-RESEARCH-CONTROL-LOCALIZATION-CANDIDATE-PACKET;TEX-RESEARCH-CONTROL-GATE0-ONTOLOGY-FORMALIZATION,,wiki/tex/tex-research-control-localization-repair-refutation.md,tex-wiki,PASS,2026-06-09T00:04:12Z,Localization repair refutation for research-control task RT-20260608-006,false,,,rejected,stopped_negative_result,not_applicable,control_only
TEX-RESEARCH-CONTROL-LOCALIZATION-SMUGGLING-AUDIT,research_control/tasks/RT-20260608-004/artifacts/03_LOCALIZATION_SMUGGLING_AUDIT.tex,tex,science_draft,draft_control_artifact,humans_and_agents,665dc12e7244e2f7b40891e497f6830034a167d85d621e27678f47da93ff03d0,TEX-RESEARCH-CONTROL-LOCALIZATION-CANDIDATE-PACKET;TEX-RESEARCH-CONTROL-GATE0-ONTOLOGY-FORMALIZATION,,wiki/tex/tex-research-control-localization-smuggling-audit.md,tex-wiki,PASS,2026-06-08T23:41:47Z,Smuggling audit for research-control task RT-20260608-004,false,,,proposal,draft,not_applicable,control_only
TEX-RESEARCH-CONTROL-LOCALIZATION-SOURCE-BASIS-AXIOM-BENCHMARK-INDEPENDENCE-REFUTATION,research_control/tasks/RT-20260608-012/artifacts/11_LOCALIZATION_SOURCE_BASIS_AXIOM_BENCHMARK_INDEPENDENCE_REFUTATION.tex,tex,science_draft,draft_control_artifact,humans_and_agents,d8ffe8c1d8deec3b27977b360a2c25f299dfeacc77c0ae65404e42cd2523c496,TEX-RESEARCH-CONTROL-LOCALIZATION-SOURCE-BASIS-AXIOM-SMUGGLING-AUDIT;TEX-RESEARCH-CONTROL-LOCALIZATION-SOURCE-BASIS-AXIOM-JUSTIFICATION;TEX-RESEARCH-CONTROL-LOCALIZATION-SOURCE-BASIS-CONSERVATIVITY-REFUTATION;TEX-RESEARCH-CONTROL-LOCALIZATION-SOURCE-BASIS-SMUGGLING-AUDIT;TEX-RESEARCH-CONTROL-LOCALIZATION-SOURCE-BASIS-FORMALIZATION;TEX-RESEARCH-CONTROL-GATE0-ONTOLOGY-FORMALIZATION,,wiki/tex/tex-research-control-localization-source-basis-axiom-benchmark-independence-refutation.md,tex-wiki,PASS,2026-06-09T13:53:43Z,Source-basis axiom benchmark-independence refutation for research-control task RT-20260608-012,false,,,rejected,stopped_negative_result,not_applicable,control_only
TEX-RESEARCH-CONTROL-LOCALIZATION-SOURCE-BASIS-AXIOM-JUSTIFICATION,research_control/tasks/RT-20260608-010/artifacts/09_LOCALIZATION_SOURCE_BASIS_AXIOM_JUSTIFICATION.tex,tex,science_draft,draft_control_artifact,humans_and_agents,aa44ab21768e62b990498caadb8a741cbe704a09339d80823f32c8c6e27aaef7,TEX-RESEARCH-CONTROL-LOCALIZATION-SOURCE-BASIS-CONSERVATIVITY-REFUTATION;TEX-RESEARCH-CONTROL-LOCALIZATION-SOURCE-BASIS-SMUGGLING-AUDIT;TEX-RESEARCH-CONTROL-LOCALIZATION-SOURCE-BASIS-FORMALIZATION;TEX-RESEARCH-CONTROL-GATE0-ONTOLOGY-FORMALIZATION,,wiki/tex/tex-research-control-localization-source-basis-axiom-justification.md,tex-wiki,PASS,2026-06-09T00:46:46Z,Minimal source-basis axiom justification for research-control task RT-20260608-010,false,,,proposal,draft,not_applicable,control_only
TEX-RESEARCH-CONTROL-LOCALIZATION-SOURCE-BASIS-AXIOM-SELECTION-LAW-BENCHMARK-INDEPENDENCE-REFUTATION,research_control/tasks/RT-20260608-015/artifacts/14_LOCALIZATION_SOURCE_BASIS_AXIOM_SELECTION_LAW_BENCHMARK_INDEPENDENCE_REFUTATION.tex,tex,science_draft,draft_control_artifact,humans_and_agents,590abce4589771f5fecbab92625477e8bf48e2c100e28ce75313cc4a0886e3ca,TEX-RESEARCH-CONTROL-LOCALIZATION-SOURCE-BASIS-AXIOM-SELECTION-LAW-SMUGGLING-AUDIT;TEX-RESEARCH-CONTROL-LOCALIZATION-SOURCE-BASIS-AXIOM-SELECTION-LAW-PACKET;TEX-RESEARCH-CONTROL-LOCALIZATION-SOURCE-BASIS-AXIOM-BENCHMARK-INDEPENDENCE-REFUTATION;TEX-RESEARCH-CONTROL-LOCALIZATION-SOURCE-BASIS-AXIOM-SMUGGLING-AUDIT;TEX-RESEARCH-CONTROL-LOCALIZATION-SOURCE-BASIS-AXIOM-JUSTIFICATION;TEX-RESEARCH-CONTROL-LOCALIZATION-SOURCE-BASIS-CONSERVATIVITY-REFUTATION;TEX-RESEARCH-CONTROL-LOCALIZATION-SOURCE-BASIS-SMUGGLING-AUDIT;TEX-RESEARCH-CONTROL-LOCALIZATION-SOURCE-BASIS-FORMALIZATION;TEX-RESEARCH-CONTROL-GATE0-ONTOLOGY-FORMALIZATION,,wiki/tex/tex-research-control-localization-source-basis-axiom-selection-law-benchmark-independence-refutation.md,tex-wiki,PASS,2026-06-09T23:40:31Z,Source-basis axiom selection-law benchmark-independence refutation for research-control task RT-20260608-015,false,,,rejected,stopped_negative_result,not_applicable,control_only
TEX-RESEARCH-CONTROL-LOCALIZATION-SOURCE-BASIS-AXIOM-SELECTION-LAW-PACKET,research_control/tasks/RT-20260608-013/artifacts/12_LOCALIZATION_SOURCE_BASIS_AXIOM_SELECTION_LAW_PACKET.tex,tex,science_draft,draft_control_artifact,humans_and_agents,265e68aff2b120853744c0bde7904e021d2b75e0518f77f58b8e5cccc5a99cce,TEX-RESEARCH-CONTROL-LOCALIZATION-SOURCE-BASIS-AXIOM-BENCHMARK-INDEPENDENCE-REFUTATION;TEX-RESEARCH-CONTROL-LOCALIZATION-SOURCE-BASIS-AXIOM-SMUGGLING-AUDIT;TEX-RESEARCH-CONTROL-LOCALIZATION-SOURCE-BASIS-AXIOM-JUSTIFICATION;TEX-RESEARCH-CONTROL-LOCALIZATION-SOURCE-BASIS-CONSERVATIVITY-REFUTATION;TEX-RESEARCH-CONTROL-LOCALIZATION-SOURCE-BASIS-SMUGGLING-AUDIT;TEX-RESEARCH-CONTROL-LOCALIZATION-SOURCE-BASIS-FORMALIZATION;TEX-RESEARCH-CONTROL-GATE0-ONTOLOGY-FORMALIZATION,,wiki/tex/tex-research-control-localization-source-basis-axiom-selection-law-packet.md,tex-wiki,PASS,2026-06-09T14:04:04Z,Source-basis axiom selection-law packet for research-control task RT-20260608-013,false,,,proposal,draft,not_applicable,control_only
TEX-RESEARCH-CONTROL-LOCALIZATION-SOURCE-BASIS-AXIOM-SELECTION-LAW-SMUGGLING-AUDIT,research_control/tasks/RT-20260608-014/artifacts/13_LOCALIZATION_SOURCE_BASIS_AXIOM_SELECTION_LAW_SMUGGLING_AUDIT.tex,tex,science_draft,draft_control_artifact,humans_and_agents,a449d139c568216c86efa2033fcb364dfc1d88658f66eea13773cf767a36f61e,TEX-RESEARCH-CONTROL-LOCALIZATION-SOURCE-BASIS-AXIOM-SELECTION-LAW-PACKET;TEX-RESEARCH-CONTROL-LOCALIZATION-SOURCE-BASIS-AXIOM-BENCHMARK-INDEPENDENCE-REFUTATION;TEX-RESEARCH-CONTROL-LOCALIZATION-SOURCE-BASIS-AXIOM-SMUGGLING-AUDIT;TEX-RESEARCH-CONTROL-LOCALIZATION-SOURCE-BASIS-AXIOM-JUSTIFICATION;TEX-RESEARCH-CONTROL-LOCALIZATION-SOURCE-BASIS-CONSERVATIVITY-REFUTATION;TEX-RESEARCH-CONTROL-LOCALIZATION-SOURCE-BASIS-SMUGGLING-AUDIT;TEX-RESEARCH-CONTROL-LOCALIZATION-SOURCE-BASIS-FORMALIZATION;TEX-RESEARCH-CONTROL-GATE0-ONTOLOGY-FORMALIZATION,,wiki/tex/tex-research-control-localization-source-basis-axiom-selection-law-smuggling-audit.md,tex-wiki,PASS,2026-06-09T23:33:06Z,Source-basis axiom selection-law smuggling audit for research-control task RT-20260608-014,false,,,rejected,stopped_negative_result,not_applicable,control_only
TEX-RESEARCH-CONTROL-LOCALIZATION-SOURCE-BASIS-AXIOM-SELECTOR-DOMAIN-BENCHMARK-INDEPENDENCE-REFUTATION,research_control/tasks/RT-20260608-018/artifacts/17_LOCALIZATION_SOURCE_BASIS_AXIOM_SELECTOR_DOMAIN_BENCHMARK_INDEPENDENCE_REFUTATION.tex,tex,science_draft,draft_control_artifact,humans_and_agents,7627791ca1120522c82d2053888a57b76589d48d4f623920a122c9791352fb68,TEX-RESEARCH-CONTROL-LOCALIZATION-SOURCE-BASIS-AXIOM-SELECTOR-DOMAIN-SMUGGLING-AUDIT;TEX-RESEARCH-CONTROL-LOCALIZATION-SOURCE-BASIS-AXIOM-SELECTOR-DOMAIN-REPAIR-PACKET;TEX-RESEARCH-CONTROL-LOCALIZATION-SOURCE-BASIS-AXIOM-SELECTION-LAW-BENCHMARK-INDEPENDENCE-REFUTATION;TEX-RESEARCH-CONTROL-LOCALIZATION-SOURCE-BASIS-AXIOM-SELECTION-LAW-SMUGGLING-AUDIT;TEX-RESEARCH-CONTROL-LOCALIZATION-SOURCE-BASIS-AXIOM-SELECTION-LAW-PACKET;TEX-RESEARCH-CONTROL-LOCALIZATION-SOURCE-BASIS-AXIOM-BENCHMARK-INDEPENDENCE-REFUTATION;TEX-RESEARCH-CONTROL-LOCALIZATION-SOURCE-BASIS-AXIOM-SMUGGLING-AUDIT;TEX-RESEARCH-CONTROL-LOCALIZATION-SOURCE-BASIS-AXIOM-JUSTIFICATION;TEX-RESEARCH-CONTROL-LOCALIZATION-SOURCE-BASIS-CONSERVATIVITY-REFUTATION;TEX-RESEARCH-CONTROL-LOCALIZATION-SOURCE-BASIS-SMUGGLING-AUDIT;TEX-RESEARCH-CONTROL-LOCALIZATION-SOURCE-BASIS-FORMALIZATION;TEX-RESEARCH-CONTROL-GATE0-ONTOLOGY-FORMALIZATION,,wiki/tex/tex-research-control-localization-source-basis-axiom-selector-domain-benchmark-independence-refutation.md,tex-wiki,PASS,2026-06-10T00:22:08Z,Source-basis axiom selector-domain benchmark-independence refutation for research-control task RT-20260608-018,false,,,rejected,stopped_negative_result,not_applicable,control_only
TEX-RESEARCH-CONTROL-LOCALIZATION-SOURCE-BASIS-AXIOM-SELECTOR-DOMAIN-FINITE-SURVEY-PROTOCOL-BENCHMARK-INDEPENDENCE-REFUTATION,research_control/tasks/RT-20260608-021/artifacts/20_LOCALIZATION_SOURCE_BASIS_AXIOM_SELECTOR_DOMAIN_FINITE_SURVEY_PROTOCOL_BENCHMARK_INDEPENDENCE_REFUTATION.tex,tex,science_draft,draft_control_artifact,humans_and_agents,c6d9841859cbeb40ecb2b1f6e629aa76b455e8c75151d1bc14ac24ee9e8f9332,TEX-RESEARCH-CONTROL-LOCALIZATION-SOURCE-BASIS-AXIOM-SELECTOR-DOMAIN-FINITE-SURVEY-PROTOCOL-SMUGGLING-AUDIT;TEX-RESEARCH-CONTROL-LOCALIZATION-SOURCE-BASIS-AXIOM-SELECTOR-DOMAIN-FINITE-SURVEY-PROTOCOL-PACKET;TEX-RESEARCH-CONTROL-LOCALIZATION-SOURCE-BASIS-AXIOM-SELECTOR-DOMAIN-BENCHMARK-INDEPENDENCE-REFUTATION;TEX-RESEARCH-CONTROL-LOCALIZATION-SOURCE-BASIS-AXIOM-SELECTOR-DOMAIN-SMUGGLING-AUDIT;TEX-RESEARCH-CONTROL-LOCALIZATION-SOURCE-BASIS-AXIOM-SELECTOR-DOMAIN-REPAIR-PACKET;TEX-RESEARCH-CONTROL-LOCALIZATION-SOURCE-BASIS-AXIOM-SELECTION-LAW-BENCHMARK-INDEPENDENCE-REFUTATION;TEX-RESEARCH-CONTROL-LOCALIZATION-SOURCE-BASIS-AXIOM-SELECTION-LAW-SMUGGLING-AUDIT;TEX-RESEARCH-CONTROL-LOCALIZATION-SOURCE-BASIS-AXIOM-SELECTION-LAW-PACKET;TEX-RESEARCH-CONTROL-LOCALIZATION-SOURCE-BASIS-AXIOM-BENCHMARK-INDEPENDENCE-REFUTATION;TEX-RESEARCH-CONTROL-LOCALIZATION-SOURCE-BASIS-AXIOM-SMUGGLING-AUDIT;TEX-RESEARCH-CONTROL-LOCALIZATION-SOURCE-BASIS-AXIOM-JUSTIFICATION;TEX-RESEARCH-CONTROL-LOCALIZATION-SOURCE-BASIS-CONSERVATIVITY-REFUTATION;TEX-RESEARCH-CONTROL-LOCALIZATION-SOURCE-BASIS-SMUGGLING-AUDIT;TEX-RESEARCH-CONTROL-LOCALIZATION-SOURCE-BASIS-FORMALIZATION;TEX-RESEARCH-CONTROL-GATE0-ONTOLOGY-FORMALIZATION,,wiki/tex/tex-research-control-localization-source-basis-axiom-selector-domain-finite-survey-protocol-benchmark-independence-refutation.md,tex-wiki,PASS,2026-06-10T05:30:09Z,Source-basis axiom selector-domain finite survey protocol benchmark-independence refutation for research-control task RT-20260608-021,false,,,rejected,stopped_negative_result,not_applicable,control_only
TEX-RESEARCH-CONTROL-LOCALIZATION-SOURCE-BASIS-AXIOM-SELECTOR-DOMAIN-FINITE-SURVEY-PROTOCOL-PACKET,research_control/tasks/RT-20260608-019/artifacts/18_LOCALIZATION_SOURCE_BASIS_AXIOM_SELECTOR_DOMAIN_FINITE_SURVEY_PROTOCOL_PACKET.tex,tex,science_draft,draft_control_artifact,humans_and_agents,33d1114b654f302f817894ef9933ca272ae7a0f0804bd3cc00a4ef77005a001f,TEX-RESEARCH-CONTROL-LOCALIZATION-SOURCE-BASIS-AXIOM-SELECTOR-DOMAIN-BENCHMARK-INDEPENDENCE-REFUTATION;TEX-RESEARCH-CONTROL-LOCALIZATION-SOURCE-BASIS-AXIOM-SELECTOR-DOMAIN-SMUGGLING-AUDIT;TEX-RESEARCH-CONTROL-LOCALIZATION-SOURCE-BASIS-AXIOM-SELECTOR-DOMAIN-REPAIR-PACKET;TEX-RESEARCH-CONTROL-LOCALIZATION-SOURCE-BASIS-AXIOM-SELECTION-LAW-BENCHMARK-INDEPENDENCE-REFUTATION;TEX-RESEARCH-CONTROL-LOCALIZATION-SOURCE-BASIS-AXIOM-SELECTION-LAW-SMUGGLING-AUDIT;TEX-RESEARCH-CONTROL-LOCALIZATION-SOURCE-BASIS-AXIOM-SELECTION-LAW-PACKET;TEX-RESEARCH-CONTROL-LOCALIZATION-SOURCE-BASIS-AXIOM-BENCHMARK-INDEPENDENCE-REFUTATION;TEX-RESEARCH-CONTROL-LOCALIZATION-SOURCE-BASIS-AXIOM-SMUGGLING-AUDIT;TEX-RESEARCH-CONTROL-LOCALIZATION-SOURCE-BASIS-AXIOM-JUSTIFICATION;TEX-RESEARCH-CONTROL-LOCALIZATION-SOURCE-BASIS-CONSERVATIVITY-REFUTATION;TEX-RESEARCH-CONTROL-LOCALIZATION-SOURCE-BASIS-SMUGGLING-AUDIT;TEX-RESEARCH-CONTROL-LOCALIZATION-SOURCE-BASIS-FORMALIZATION;TEX-RESEARCH-CONTROL-GATE0-ONTOLOGY-FORMALIZATION,,wiki/tex/tex-research-control-localization-source-basis-axiom-selector-domain-finite-survey-protocol-packet.md,tex-wiki,PASS,2026-06-10T00:40:21Z,Source-basis axiom selector-domain finite survey protocol packet for research-control task RT-20260608-019,false,,,proposal,draft,not_applicable,control_only
TEX-RESEARCH-CONTROL-LOCALIZATION-SOURCE-BASIS-AXIOM-SELECTOR-DOMAIN-FINITE-SURVEY-PROTOCOL-SMUGGLING-AUDIT,research_control/tasks/RT-20260608-020/artifacts/19_LOCALIZATION_SOURCE_BASIS_AXIOM_SELECTOR_DOMAIN_FINITE_SURVEY_PROTOCOL_SMUGGLING_AUDIT.tex,tex,science_draft,draft_control_artifact,humans_and_agents,fb39d36e78b99480b64f0caf2d3e2824ce8b4d96582f29866be91237e4118922,TEX-RESEARCH-CONTROL-LOCALIZATION-SOURCE-BASIS-AXIOM-SELECTOR-DOMAIN-FINITE-SURVEY-PROTOCOL-PACKET;TEX-RESEARCH-CONTROL-LOCALIZATION-SOURCE-BASIS-AXIOM-SELECTOR-DOMAIN-BENCHMARK-INDEPENDENCE-REFUTATION;TEX-RESEARCH-CONTROL-LOCALIZATION-SOURCE-BASIS-AXIOM-SELECTOR-DOMAIN-SMUGGLING-AUDIT;TEX-RESEARCH-CONTROL-LOCALIZATION-SOURCE-BASIS-AXIOM-SELECTOR-DOMAIN-REPAIR-PACKET;TEX-RESEARCH-CONTROL-LOCALIZATION-SOURCE-BASIS-AXIOM-SELECTION-LAW-BENCHMARK-INDEPENDENCE-REFUTATION;TEX-RESEARCH-CONTROL-LOCALIZATION-SOURCE-BASIS-AXIOM-SELECTION-LAW-SMUGGLING-AUDIT;TEX-RESEARCH-CONTROL-LOCALIZATION-SOURCE-BASIS-AXIOM-SELECTION-LAW-PACKET;TEX-RESEARCH-CONTROL-LOCALIZATION-SOURCE-BASIS-AXIOM-BENCHMARK-INDEPENDENCE-REFUTATION;TEX-RESEARCH-CONTROL-LOCALIZATION-SOURCE-BASIS-AXIOM-SMUGGLING-AUDIT;TEX-RESEARCH-CONTROL-LOCALIZATION-SOURCE-BASIS-AXIOM-JUSTIFICATION;TEX-RESEARCH-CONTROL-LOCALIZATION-SOURCE-BASIS-CONSERVATIVITY-REFUTATION;TEX-RESEARCH-CONTROL-LOCALIZATION-SOURCE-BASIS-SMUGGLING-AUDIT;TEX-RESEARCH-CONTROL-LOCALIZATION-SOURCE-BASIS-FORMALIZATION;TEX-RESEARCH-CONTROL-GATE0-ONTOLOGY-FORMALIZATION,,wiki/tex/tex-research-control-localization-source-basis-axiom-selector-domain-finite-survey-protocol-smuggling-audit.md,tex-wiki,PASS,2026-06-10T00:50:44Z,Source-basis axiom selector-domain finite survey protocol smuggling audit for research-control task RT-20260608-020,false,,,rejected,stopped_negative_result,not_applicable,control_only
TEX-RESEARCH-CONTROL-LOCALIZATION-SOURCE-BASIS-AXIOM-SELECTOR-DOMAIN-FINITE-VARIATION-BENCHMARK-INDEPENDENCE-REFUTATION,research_control/tasks/RT-20260611-006/artifacts/23_LOCALIZATION_SOURCE_BASIS_AXIOM_SELECTOR_DOMAIN_FINITE_VARIATION_BENCHMARK_INDEPENDENCE_REFUTATION.tex,tex,science_draft,draft_control_artifact,humans_and_agents,a92b9618c041b810875c1b22682780679ca543e221342258f35b7022c0d473c3,TEX-RESEARCH-CONTROL-LOCALIZATION-SOURCE-BASIS-AXIOM-SELECTOR-DOMAIN-FINITE-VARIATION-SMUGGLING-AUDIT;TEX-RESEARCH-CONTROL-LOCALIZATION-SOURCE-BASIS-AXIOM-SELECTOR-DOMAIN-FINITE-VARIATION-REPAIR-PACKET;TEX-RESEARCH-CONTROL-LOCALIZATION-SOURCE-BASIS-AXIOM-SELECTOR-DOMAIN-FINITE-SURVEY-PROTOCOL-BENCHMARK-INDEPENDENCE-REFUTATION;TEX-RESEARCH-CONTROL-LOCALIZATION-SOURCE-BASIS-AXIOM-SELECTOR-DOMAIN-FINITE-SURVEY-PROTOCOL-SMUGGLING-AUDIT;TEX-RESEARCH-CONTROL-LOCALIZATION-SOURCE-BASIS-AXIOM-SELECTOR-DOMAIN-FINITE-SURVEY-PROTOCOL-PACKET;TEX-RESEARCH-CONTROL-LOCALIZATION-SOURCE-BASIS-AXIOM-SELECTOR-DOMAIN-BENCHMARK-INDEPENDENCE-REFUTATION;TEX-RESEARCH-CONTROL-LOCALIZATION-SOURCE-BASIS-AXIOM-SELECTOR-DOMAIN-SMUGGLING-AUDIT;TEX-RESEARCH-CONTROL-LOCALIZATION-SOURCE-BASIS-AXIOM-SELECTOR-DOMAIN-REPAIR-PACKET;TEX-RESEARCH-CONTROL-LOCALIZATION-SOURCE-BASIS-AXIOM-SELECTION-LAW-BENCHMARK-INDEPENDENCE-REFUTATION;TEX-RESEARCH-CONTROL-LOCALIZATION-SOURCE-BASIS-AXIOM-SELECTION-LAW-SMUGGLING-AUDIT;TEX-RESEARCH-CONTROL-LOCALIZATION-SOURCE-BASIS-AXIOM-SELECTION-LAW-PACKET;TEX-RESEARCH-CONTROL-LOCALIZATION-SOURCE-BASIS-AXIOM-BENCHMARK-INDEPENDENCE-REFUTATION;TEX-RESEARCH-CONTROL-LOCALIZATION-SOURCE-BASIS-AXIOM-SMUGGLING-AUDIT;TEX-RESEARCH-CONTROL-LOCALIZATION-SOURCE-BASIS-AXIOM-JUSTIFICATION;TEX-RESEARCH-CONTROL-LOCALIZATION-SOURCE-BASIS-CONSERVATIVITY-REFUTATION;TEX-RESEARCH-CONTROL-LOCALIZATION-SOURCE-BASIS-SMUGGLING-AUDIT;TEX-RESEARCH-CONTROL-LOCALIZATION-SOURCE-BASIS-FORMALIZATION;TEX-RESEARCH-CONTROL-GATE0-ONTOLOGY-FORMALIZATION,,wiki/tex/tex-research-control-localization-source-basis-axiom-selector-domain-finite-variation-benchmark-independence-refutation.md,tex-wiki,PASS,2026-06-11T03:40:07Z,Source-basis axiom selector-domain finite-variation benchmark-independence refutation for research-control task RT-20260611-006,false,,,rejected,stopped_negative_result,not_applicable,control_only
TEX-RESEARCH-CONTROL-LOCALIZATION-SOURCE-BASIS-AXIOM-SELECTOR-DOMAIN-FINITE-VARIATION-REPAIR-PACKET,research_control/tasks/RT-20260608-022/artifacts/21_LOCALIZATION_SOURCE_BASIS_AXIOM_SELECTOR_DOMAIN_FINITE_VARIATION_REPAIR_PACKET.tex,tex,science_draft,draft_control_artifact,humans_and_agents,c66851e47ed58604ca63a54828caef092cd1efa91f9f15b6cd5f8ff01aa0260a,TEX-RESEARCH-CONTROL-LOCALIZATION-SOURCE-BASIS-AXIOM-SELECTOR-DOMAIN-FINITE-SURVEY-PROTOCOL-BENCHMARK-INDEPENDENCE-REFUTATION;TEX-RESEARCH-CONTROL-LOCALIZATION-SOURCE-BASIS-AXIOM-SELECTOR-DOMAIN-FINITE-SURVEY-PROTOCOL-SMUGGLING-AUDIT;TEX-RESEARCH-CONTROL-LOCALIZATION-SOURCE-BASIS-AXIOM-SELECTOR-DOMAIN-FINITE-SURVEY-PROTOCOL-PACKET;TEX-RESEARCH-CONTROL-LOCALIZATION-SOURCE-BASIS-AXIOM-SELECTOR-DOMAIN-BENCHMARK-INDEPENDENCE-REFUTATION;TEX-RESEARCH-CONTROL-LOCALIZATION-SOURCE-BASIS-AXIOM-SELECTOR-DOMAIN-SMUGGLING-AUDIT;TEX-RESEARCH-CONTROL-LOCALIZATION-SOURCE-BASIS-AXIOM-SELECTOR-DOMAIN-REPAIR-PACKET;TEX-RESEARCH-CONTROL-LOCALIZATION-SOURCE-BASIS-AXIOM-SELECTION-LAW-BENCHMARK-INDEPENDENCE-REFUTATION;TEX-RESEARCH-CONTROL-LOCALIZATION-SOURCE-BASIS-AXIOM-SELECTION-LAW-SMUGGLING-AUDIT;TEX-RESEARCH-CONTROL-LOCALIZATION-SOURCE-BASIS-AXIOM-SELECTION-LAW-PACKET;TEX-RESEARCH-CONTROL-LOCALIZATION-SOURCE-BASIS-AXIOM-BENCHMARK-INDEPENDENCE-REFUTATION;TEX-RESEARCH-CONTROL-LOCALIZATION-SOURCE-BASIS-AXIOM-SMUGGLING-AUDIT;TEX-RESEARCH-CONTROL-LOCALIZATION-SOURCE-BASIS-AXIOM-JUSTIFICATION;TEX-RESEARCH-CONTROL-LOCALIZATION-SOURCE-BASIS-CONSERVATIVITY-REFUTATION;TEX-RESEARCH-CONTROL-LOCALIZATION-SOURCE-BASIS-SMUGGLING-AUDIT;TEX-RESEARCH-CONTROL-LOCALIZATION-SOURCE-BASIS-FORMALIZATION;TEX-RESEARCH-CONTROL-GATE0-ONTOLOGY-FORMALIZATION,,wiki/tex/tex-research-control-localization-source-basis-axiom-selector-domain-finite-variation-repair-packet.md,tex-wiki,PASS,2026-06-10T05:42:24Z,Source-basis axiom selector-domain finite-variation repair packet for research-control task RT-20260608-022,false,,,proposal,draft,not_applicable,control_only
TEX-RESEARCH-CONTROL-LOCALIZATION-SOURCE-BASIS-AXIOM-SELECTOR-DOMAIN-FINITE-VARIATION-SMUGGLING-AUDIT,research_control/tasks/RT-20260608-023/artifacts/22_LOCALIZATION_SOURCE_BASIS_AXIOM_SELECTOR_DOMAIN_FINITE_VARIATION_SMUGGLING_AUDIT.tex,tex,science_draft,draft_control_artifact,humans_and_agents,e032d4297c85b455d9c896169216c43de87668b4a375c4521af613c2e63d9874,TEX-RESEARCH-CONTROL-LOCALIZATION-SOURCE-BASIS-AXIOM-SELECTOR-DOMAIN-FINITE-VARIATION-REPAIR-PACKET;TEX-RESEARCH-CONTROL-LOCALIZATION-SOURCE-BASIS-AXIOM-SELECTOR-DOMAIN-FINITE-SURVEY-PROTOCOL-BENCHMARK-INDEPENDENCE-REFUTATION;TEX-RESEARCH-CONTROL-LOCALIZATION-SOURCE-BASIS-AXIOM-SELECTOR-DOMAIN-FINITE-SURVEY-PROTOCOL-SMUGGLING-AUDIT;TEX-RESEARCH-CONTROL-LOCALIZATION-SOURCE-BASIS-AXIOM-SELECTOR-DOMAIN-FINITE-SURVEY-PROTOCOL-PACKET;TEX-RESEARCH-CONTROL-LOCALIZATION-SOURCE-BASIS-AXIOM-SELECTOR-DOMAIN-BENCHMARK-INDEPENDENCE-REFUTATION;TEX-RESEARCH-CONTROL-LOCALIZATION-SOURCE-BASIS-AXIOM-SELECTOR-DOMAIN-SMUGGLING-AUDIT;TEX-RESEARCH-CONTROL-LOCALIZATION-SOURCE-BASIS-AXIOM-SELECTOR-DOMAIN-REPAIR-PACKET;TEX-RESEARCH-CONTROL-LOCALIZATION-SOURCE-BASIS-AXIOM-SELECTION-LAW-BENCHMARK-INDEPENDENCE-REFUTATION;TEX-RESEARCH-CONTROL-LOCALIZATION-SOURCE-BASIS-AXIOM-SELECTION-LAW-SMUGGLING-AUDIT;TEX-RESEARCH-CONTROL-LOCALIZATION-SOURCE-BASIS-AXIOM-SELECTION-LAW-PACKET;TEX-RESEARCH-CONTROL-LOCALIZATION-SOURCE-BASIS-AXIOM-BENCHMARK-INDEPENDENCE-REFUTATION;TEX-RESEARCH-CONTROL-LOCALIZATION-SOURCE-BASIS-AXIOM-SMUGGLING-AUDIT;TEX-RESEARCH-CONTROL-LOCALIZATION-SOURCE-BASIS-AXIOM-JUSTIFICATION;TEX-RESEARCH-CONTROL-LOCALIZATION-SOURCE-BASIS-CONSERVATIVITY-REFUTATION;TEX-RESEARCH-CONTROL-LOCALIZATION-SOURCE-BASIS-SMUGGLING-AUDIT;TEX-RESEARCH-CONTROL-LOCALIZATION-SOURCE-BASIS-FORMALIZATION;TEX-RESEARCH-CONTROL-GATE0-ONTOLOGY-FORMALIZATION,,wiki/tex/tex-research-control-localization-source-basis-axiom-selector-domain-finite-variation-smuggling-audit.md,tex-wiki,PASS,2026-06-10T16:21:25Z,Source-basis axiom selector-domain finite-variation smuggling audit for research-control task RT-20260608-023,false,,,rejected,stopped_negative_result,not_applicable,control_only
TEX-RESEARCH-CONTROL-LOCALIZATION-SOURCE-BASIS-AXIOM-SELECTOR-DOMAIN-LEDGER-PROVENANCE-THEOREM-ATTEMPT-OR-CONTROLLED-PAUSE,research_control/tasks/RT-20260613-009/artifacts/29_LOCALIZATION_SOURCE_BASIS_AXIOM_SELECTOR_DOMAIN_LEDGER_PROVENANCE_THEOREM_ATTEMPT_OR_CONTROLLED_PAUSE.tex,tex,science_draft,draft_control_artifact,humans_and_agents,2dabf49f2e8bc3707c92eea0b0b84d26459c3c344fe36e28f2f31c042988bc61,TEX-RESEARCH-CONTROL-LOCALIZATION-SOURCE-BASIS-AXIOM-SELECTOR-DOMAIN-SOURCE-FORCING-DISCHARGE-PROTOCOL-BENCHMARK-INDEPENDENCE-REFUTATION;TEX-RESEARCH-CONTROL-LOCALIZATION-SOURCE-BASIS-AXIOM-SELECTOR-DOMAIN-SOURCE-FORCING-DISCHARGE-PROTOCOL-SMUGGLING-AUDIT;TEX-RESEARCH-CONTROL-LOCALIZATION-SOURCE-BASIS-AXIOM-SELECTOR-DOMAIN-SOURCE-FORCING-DISCHARGE-PROTOCOL;TEX-RESEARCH-CONTROL-LOCALIZATION-SOURCE-BASIS-AXIOM-SELECTOR-DOMAIN-SOURCE-FORCING-OBLIGATION-PACKET,,wiki/tex/tex-research-control-localization-source-basis-axiom-selector-domain-ledger-provenance-theorem-attempt-or-controlled-pause.md,tex-wiki,PASS,2026-06-13T15:51:30Z,Source-basis axiom selector-domain ledger-provenance theorem attempt or controlled pause for research-control task RT-20260613-009,false,,,rejected,stopped_negative_result,not_applicable,control_only
TEX-RESEARCH-CONTROL-LOCALIZATION-SOURCE-BASIS-AXIOM-SELECTOR-DOMAIN-REPAIR-PACKET,research_control/tasks/RT-20260608-016/artifacts/15_LOCALIZATION_SOURCE_BASIS_AXIOM_SELECTOR_DOMAIN_REPAIR_PACKET.tex,tex,science_draft,draft_control_artifact,humans_and_agents,0b4b4ae677a660759848bb52efc6cbf80ffd123a6e80ad2447be39f468925117,TEX-RESEARCH-CONTROL-LOCALIZATION-SOURCE-BASIS-AXIOM-SELECTION-LAW-BENCHMARK-INDEPENDENCE-REFUTATION;TEX-RESEARCH-CONTROL-LOCALIZATION-SOURCE-BASIS-AXIOM-SELECTION-LAW-SMUGGLING-AUDIT;TEX-RESEARCH-CONTROL-LOCALIZATION-SOURCE-BASIS-AXIOM-SELECTION-LAW-PACKET;TEX-RESEARCH-CONTROL-LOCALIZATION-SOURCE-BASIS-AXIOM-BENCHMARK-INDEPENDENCE-REFUTATION;TEX-RESEARCH-CONTROL-LOCALIZATION-SOURCE-BASIS-AXIOM-SMUGGLING-AUDIT;TEX-RESEARCH-CONTROL-LOCALIZATION-SOURCE-BASIS-AXIOM-JUSTIFICATION;TEX-RESEARCH-CONTROL-LOCALIZATION-SOURCE-BASIS-CONSERVATIVITY-REFUTATION;TEX-RESEARCH-CONTROL-LOCALIZATION-SOURCE-BASIS-SMUGGLING-AUDIT;TEX-RESEARCH-CONTROL-LOCALIZATION-SOURCE-BASIS-FORMALIZATION;TEX-RESEARCH-CONTROL-GATE0-ONTOLOGY-FORMALIZATION,,wiki/tex/tex-research-control-localization-source-basis-axiom-selector-domain-repair-packet.md,tex-wiki,PASS,2026-06-09T23:49:55Z,Source-basis axiom selector-domain repair packet for research-control task RT-20260608-016,false,,,proposal,draft,not_applicable,control_only
TEX-RESEARCH-CONTROL-LOCALIZATION-SOURCE-BASIS-AXIOM-SELECTOR-DOMAIN-SMUGGLING-AUDIT,research_control/tasks/RT-20260608-017/artifacts/16_LOCALIZATION_SOURCE_BASIS_AXIOM_SELECTOR_DOMAIN_SMUGGLING_AUDIT.tex,tex,science_draft,draft_control_artifact,humans_and_agents,4d052b85e78a7df949c937780dfb4fa496587ecf541c94adf0fd898b654aa5bf,TEX-RESEARCH-CONTROL-LOCALIZATION-SOURCE-BASIS-AXIOM-SELECTOR-DOMAIN-REPAIR-PACKET;TEX-RESEARCH-CONTROL-LOCALIZATION-SOURCE-BASIS-AXIOM-SELECTION-LAW-BENCHMARK-INDEPENDENCE-REFUTATION;TEX-RESEARCH-CONTROL-LOCALIZATION-SOURCE-BASIS-AXIOM-SELECTION-LAW-SMUGGLING-AUDIT;TEX-RESEARCH-CONTROL-LOCALIZATION-SOURCE-BASIS-AXIOM-SELECTION-LAW-PACKET;TEX-RESEARCH-CONTROL-LOCALIZATION-SOURCE-BASIS-AXIOM-BENCHMARK-INDEPENDENCE-REFUTATION;TEX-RESEARCH-CONTROL-LOCALIZATION-SOURCE-BASIS-AXIOM-SMUGGLING-AUDIT;TEX-RESEARCH-CONTROL-LOCALIZATION-SOURCE-BASIS-AXIOM-JUSTIFICATION;TEX-RESEARCH-CONTROL-LOCALIZATION-SOURCE-BASIS-CONSERVATIVITY-REFUTATION;TEX-RESEARCH-CONTROL-LOCALIZATION-SOURCE-BASIS-SMUGGLING-AUDIT;TEX-RESEARCH-CONTROL-LOCALIZATION-SOURCE-BASIS-FORMALIZATION;TEX-RESEARCH-CONTROL-GATE0-ONTOLOGY-FORMALIZATION,,wiki/tex/tex-research-control-localization-source-basis-axiom-selector-domain-smuggling-audit.md,tex-wiki,PASS,2026-06-10T00:02:41Z,Source-basis axiom selector-domain smuggling audit for research-control task RT-20260608-017,false,,,rejected,stopped_negative_result,not_applicable,control_only
TEX-RESEARCH-CONTROL-LOCALIZATION-SOURCE-BASIS-AXIOM-SELECTOR-DOMAIN-SOURCE-FORCING-DISCHARGE-PROTOCOL,research_control/tasks/RT-20260613-006/artifacts/26_LOCALIZATION_SOURCE_BASIS_AXIOM_SELECTOR_DOMAIN_SOURCE_FORCING_DISCHARGE_PROTOCOL.tex,tex,science_draft,draft_control_artifact,humans_and_agents,49ff28bc2e1e372603bd49865929bf87ee9a62d78fd7abe421c9ed22b3df4705,TEX-RESEARCH-CONTROL-LOCALIZATION-SOURCE-BASIS-AXIOM-SELECTOR-DOMAIN-SOURCE-FORCING-SMUGGLING-AUDIT;TEX-RESEARCH-CONTROL-LOCALIZATION-SOURCE-BASIS-AXIOM-SELECTOR-DOMAIN-SOURCE-FORCING-OBLIGATION-PACKET;TEX-RESEARCH-CONTROL-LOCALIZATION-SOURCE-BASIS-AXIOM-SELECTOR-DOMAIN-FINITE-VARIATION-BENCHMARK-INDEPENDENCE-REFUTATION;TEX-RESEARCH-CONTROL-LOCALIZATION-SOURCE-BASIS-AXIOM-SELECTOR-DOMAIN-FINITE-VARIATION-REPAIR-PACKET,,wiki/tex/tex-research-control-localization-source-basis-axiom-selector-domain-source-forcing-discharge-protocol.md,tex-wiki,PASS,2026-06-13T13:31:39Z,Source-basis axiom selector-domain source-forcing discharge protocol for research-control task RT-20260613-006,false,,,proposal,draft,not_applicable,control_only
TEX-RESEARCH-CONTROL-LOCALIZATION-SOURCE-BASIS-AXIOM-SELECTOR-DOMAIN-SOURCE-FORCING-DISCHARGE-PROTOCOL-BENCHMARK-INDEPENDENCE-REFUTATION,research_control/tasks/RT-20260613-008/artifacts/28_LOCALIZATION_SOURCE_BASIS_AXIOM_SELECTOR_DOMAIN_SOURCE_FORCING_DISCHARGE_PROTOCOL_BENCHMARK_INDEPENDENCE_REFUTATION.tex,tex,science_draft,draft_control_artifact,humans_and_agents,115a7982c5e7d82d7a0f0e36e03b2b790c1a34d5bc8315102f22df19854b1484,TEX-RESEARCH-CONTROL-LOCALIZATION-SOURCE-BASIS-AXIOM-SELECTOR-DOMAIN-SOURCE-FORCING-DISCHARGE-PROTOCOL-SMUGGLING-AUDIT;TEX-RESEARCH-CONTROL-LOCALIZATION-SOURCE-BASIS-AXIOM-SELECTOR-DOMAIN-SOURCE-FORCING-DISCHARGE-PROTOCOL;TEX-RESEARCH-CONTROL-LOCALIZATION-SOURCE-BASIS-AXIOM-SELECTOR-DOMAIN-SOURCE-FORCING-OBLIGATION-PACKET;TEX-RESEARCH-CONTROL-LOCALIZATION-SOURCE-BASIS-AXIOM-SELECTOR-DOMAIN-FINITE-VARIATION-BENCHMARK-INDEPENDENCE-REFUTATION,,wiki/tex/tex-research-control-localization-source-basis-axiom-selector-domain-source-forcing-discharge-protocol-benchmark-independence-refutation.md,tex-wiki,PASS,2026-06-13T14:06:34Z,Source-basis axiom selector-domain source-forcing discharge protocol benchmark-independence refutation for research-control task RT-20260613-008,false,,,rejected,stopped_negative_result,not_applicable,control_only
TEX-RESEARCH-CONTROL-LOCALIZATION-SOURCE-BASIS-AXIOM-SELECTOR-DOMAIN-SOURCE-FORCING-DISCHARGE-PROTOCOL-SMUGGLING-AUDIT,research_control/tasks/RT-20260613-007/artifacts/27_LOCALIZATION_SOURCE_BASIS_AXIOM_SELECTOR_DOMAIN_SOURCE_FORCING_DISCHARGE_PROTOCOL_SMUGGLING_AUDIT.tex,tex,science_draft,draft_control_artifact,humans_and_agents,4b634fdfb2ecd3c6af5073cac96205ea5ee14522040f066df65144c178c13e1f,TEX-RESEARCH-CONTROL-LOCALIZATION-SOURCE-BASIS-AXIOM-SELECTOR-DOMAIN-SOURCE-FORCING-DISCHARGE-PROTOCOL;TEX-RESEARCH-CONTROL-LOCALIZATION-SOURCE-BASIS-AXIOM-SELECTOR-DOMAIN-SOURCE-FORCING-SMUGGLING-AUDIT;TEX-RESEARCH-CONTROL-LOCALIZATION-SOURCE-BASIS-AXIOM-SELECTOR-DOMAIN-SOURCE-FORCING-OBLIGATION-PACKET;TEX-RESEARCH-CONTROL-LOCALIZATION-SOURCE-BASIS-AXIOM-SELECTOR-DOMAIN-FINITE-VARIATION-BENCHMARK-INDEPENDENCE-REFUTATION;TEX-RESEARCH-CONTROL-LOCALIZATION-SOURCE-BASIS-AXIOM-SELECTOR-DOMAIN-FINITE-VARIATION-REPAIR-PACKET,,wiki/tex/tex-research-control-localization-source-basis-axiom-selector-domain-source-forcing-discharge-protocol-smuggling-audit.md,tex-wiki,PASS,2026-06-13T13:53:55Z,Source-basis axiom selector-domain source-forcing discharge protocol smuggling audit for research-control task RT-20260613-007,false,,,rejected,stopped_negative_result,not_applicable,control_only
TEX-RESEARCH-CONTROL-LOCALIZATION-SOURCE-BASIS-AXIOM-SELECTOR-DOMAIN-SOURCE-FORCING-OBLIGATION-PACKET,research_control/tasks/RT-20260613-004/artifacts/24_LOCALIZATION_SOURCE_BASIS_AXIOM_SELECTOR_DOMAIN_SOURCE_FORCING_OBLIGATION_PACKET.tex,tex,science_draft,draft_control_artifact,humans_and_agents,f85cbe67e321fa470e0364597a6480bf2e70bf03954c38cf92cbe78fcabf6d53,TEX-RESEARCH-CONTROL-LOCALIZATION-SOURCE-BASIS-AXIOM-SELECTOR-DOMAIN-FINITE-VARIATION-BENCHMARK-INDEPENDENCE-REFUTATION;TEX-RESEARCH-CONTROL-LOCALIZATION-SOURCE-BASIS-AXIOM-SELECTOR-DOMAIN-FINITE-VARIATION-SMUGGLING-AUDIT;TEX-RESEARCH-CONTROL-LOCALIZATION-SOURCE-BASIS-AXIOM-SELECTOR-DOMAIN-FINITE-VARIATION-REPAIR-PACKET;TEX-RESEARCH-CONTROL-LOCALIZATION-SOURCE-BASIS-AXIOM-SELECTOR-DOMAIN-FINITE-SURVEY-PROTOCOL-BENCHMARK-INDEPENDENCE-REFUTATION,,wiki/tex/tex-research-control-localization-source-basis-axiom-selector-domain-source-forcing-obligation-packet.md,tex-wiki,PASS,2026-06-13T12:46:21Z,Source-basis axiom selector-domain source-forcing obligation packet for research-control task RT-20260613-004,false,,,proposal,draft,not_applicable,control_only
TEX-RESEARCH-CONTROL-LOCALIZATION-SOURCE-BASIS-AXIOM-SELECTOR-DOMAIN-SOURCE-FORCING-SMUGGLING-AUDIT,research_control/tasks/RT-20260613-005/artifacts/25_LOCALIZATION_SOURCE_BASIS_AXIOM_SELECTOR_DOMAIN_SOURCE_FORCING_SMUGGLING_AUDIT.tex,tex,science_draft,draft_control_artifact,humans_and_agents,d452845ceaff3c2f22c1cc85124bd0333f283a28e589da7d9f994916fea6fd30,TEX-RESEARCH-CONTROL-LOCALIZATION-SOURCE-BASIS-AXIOM-SELECTOR-DOMAIN-SOURCE-FORCING-OBLIGATION-PACKET;TEX-RESEARCH-CONTROL-LOCALIZATION-SOURCE-BASIS-AXIOM-SELECTOR-DOMAIN-FINITE-VARIATION-BENCHMARK-INDEPENDENCE-REFUTATION;TEX-RESEARCH-CONTROL-LOCALIZATION-SOURCE-BASIS-AXIOM-SELECTOR-DOMAIN-FINITE-VARIATION-SMUGGLING-AUDIT;TEX-RESEARCH-CONTROL-LOCALIZATION-SOURCE-BASIS-AXIOM-SELECTOR-DOMAIN-FINITE-VARIATION-REPAIR-PACKET,,wiki/tex/tex-research-control-localization-source-basis-axiom-selector-domain-source-forcing-smuggling-audit.md,tex-wiki,PASS,2026-06-13T13:03:40Z,Source-basis axiom selector-domain source-forcing smuggling audit for research-control task RT-20260613-005,false,,,rejected,stopped_negative_result,not_applicable,control_only
TEX-RESEARCH-CONTROL-LOCALIZATION-SOURCE-BASIS-AXIOM-SMUGGLING-AUDIT,research_control/tasks/RT-20260608-011/artifacts/10_LOCALIZATION_SOURCE_BASIS_AXIOM_SMUGGLING_AUDIT.tex,tex,science_draft,draft_control_artifact,humans_and_agents,be0571028af48d775faaa81eaebb9f6b947bc30a7ee7a52e4250010d4b30a8ad,TEX-RESEARCH-CONTROL-LOCALIZATION-SOURCE-BASIS-AXIOM-JUSTIFICATION;TEX-RESEARCH-CONTROL-LOCALIZATION-SOURCE-BASIS-CONSERVATIVITY-REFUTATION;TEX-RESEARCH-CONTROL-LOCALIZATION-SOURCE-BASIS-SMUGGLING-AUDIT;TEX-RESEARCH-CONTROL-LOCALIZATION-SOURCE-BASIS-FORMALIZATION;TEX-RESEARCH-CONTROL-GATE0-ONTOLOGY-FORMALIZATION,,wiki/tex/tex-research-control-localization-source-basis-axiom-smuggling-audit.md,tex-wiki,PASS,2026-06-09T13:39:04Z,Source-basis axiom smuggling audit for research-control task RT-20260608-011,false,,,rejected,stopped_negative_result,not_applicable,control_only
TEX-RESEARCH-CONTROL-LOCALIZATION-SOURCE-BASIS-CONSERVATIVITY-REFUTATION,research_control/tasks/RT-20260608-009/artifacts/08_LOCALIZATION_SOURCE_BASIS_CONSERVATIVITY_REFUTATION.tex,tex,science_draft,draft_control_artifact,humans_and_agents,039f785483c8eb9b86171d2eb8fb419356e96c6c2626c0480315c0fae7d99bd7,TEX-RESEARCH-CONTROL-LOCALIZATION-SOURCE-BASIS-SMUGGLING-AUDIT;TEX-RESEARCH-CONTROL-LOCALIZATION-SOURCE-BASIS-FORMALIZATION;TEX-RESEARCH-CONTROL-LOCALIZATION-REPAIR-REFUTATION;TEX-RESEARCH-CONTROL-GATE0-ONTOLOGY-FORMALIZATION,,wiki/tex/tex-research-control-localization-source-basis-conservativity-refutation.md,tex-wiki,PASS,2026-06-09T00:36:03Z,Source-basis conservativity refutation for research-control task RT-20260608-009,false,,,rejected,stopped_negative_result,not_applicable,control_only
TEX-RESEARCH-CONTROL-LOCALIZATION-SOURCE-BASIS-FORMALIZATION,research_control/tasks/RT-20260608-007/artifacts/06_LOCALIZATION_SOURCE_BASIS_FORMALIZATION.tex,tex,science_draft,draft_control_artifact,humans_and_agents,55c58da81e48528fad6ac2e5d0bd66e8981dbcca51ecbe82be68fcc63a1eeb26,TEX-RESEARCH-CONTROL-LOCALIZATION-REPAIR-REFUTATION;TEX-RESEARCH-CONTROL-LOCALIZATION-SOURCE-REPAIR-PACKET;TEX-RESEARCH-CONTROL-LOCALIZATION-SMUGGLING-AUDIT;TEX-RESEARCH-CONTROL-GATE0-ONTOLOGY-FORMALIZATION,,wiki/tex/tex-research-control-localization-source-basis-formalization.md,tex-wiki,PASS,2026-06-09T00:14:36Z,Source-basis formalization for research-control task RT-20260608-007,false,,,proposal,draft,not_applicable,control_only
TEX-RESEARCH-CONTROL-LOCALIZATION-SOURCE-BASIS-SMUGGLING-AUDIT,research_control/tasks/RT-20260608-008/artifacts/07_LOCALIZATION_SOURCE_BASIS_SMUGGLING_AUDIT.tex,tex,science_draft,draft_control_artifact,humans_and_agents,34b45efc3cc0d50b2df047fe28fd2a21377021def57a1970f2ad1d64d642e606,TEX-RESEARCH-CONTROL-LOCALIZATION-SOURCE-BASIS-FORMALIZATION;TEX-RESEARCH-CONTROL-LOCALIZATION-REPAIR-REFUTATION;TEX-RESEARCH-CONTROL-LOCALIZATION-SOURCE-REPAIR-PACKET;TEX-RESEARCH-CONTROL-GATE0-ONTOLOGY-FORMALIZATION,,wiki/tex/tex-research-control-localization-source-basis-smuggling-audit.md,tex-wiki,PASS,2026-06-09T00:22:21Z,Source-basis smuggling audit for research-control task RT-20260608-008,false,,,rejected,stopped_negative_result,not_applicable,control_only
TEX-RESEARCH-CONTROL-LOCALIZATION-SOURCE-REPAIR-PACKET,research_control/tasks/RT-20260608-005/artifacts/04_LOCALIZATION_SOURCE_REPAIR_PACKET.tex,tex,science_draft,draft_control_artifact,humans_and_agents,cf297d12204920a95817efe213ed3c5e21b06ff3157f59092e1e250742ffb539,TEX-RESEARCH-CONTROL-LOCALIZATION-SMUGGLING-AUDIT;TEX-RESEARCH-CONTROL-LOCALIZATION-CANDIDATE-PACKET;TEX-RESEARCH-CONTROL-GATE0-ONTOLOGY-FORMALIZATION,,wiki/tex/tex-research-control-localization-source-repair-packet.md,tex-wiki,PASS,2026-06-08T23:53:45Z,Source-only localization repair packet for research-control task RT-20260608-005,false,,,proposal,draft,not_applicable,control_only
